Time;km;speed_kmh;FC;dist
2025-03-30T07:57:30Z;0;0;101;0
2025-03-30T07:57:31Z;0;0;101;0
2025-03-30T07:57:32Z;0,003;5,4;102;0,003
2025-03-30T07:57:33Z;0,003;3,6;102;0
2025-03-30T07:58:55Z;0,003;0;93;0
2025-03-30T07:58:56Z;0,003;0;94;0
2025-03-30T07:58:57Z;0,006;0;95;0,003
2025-03-30T07:58:58Z;0,007;0,36;96;0,001
2025-03-30T07:58:59Z;0,009;0,36;97;0,002
2025-03-30T07:59:00Z;0,01;5,4;97;0,001
2025-03-30T07:59:01Z;0,012;6,12;97;0,002
2025-03-30T07:59:02Z;0,013;5,04;98;0,001
2025-03-30T07:59:03Z;0,015;5,04;98;0,002
2025-03-30T07:59:04Z;0,016;5,04;98;0,001
2025-03-30T07:59:05Z;0,018;5,4;98;0,002
2025-03-30T07:59:06Z;0,02;6,12;96;0,002
2025-03-30T07:59:07Z;0,022;6,48;96;0,002
2025-03-30T07:59:08Z;0,024;6,84;96;0,002
2025-03-30T07:59:09Z;0,026;7,2;97;0,002
2025-03-30T07:59:10Z;0,028;7,2;97;0,002
2025-03-30T07:59:11Z;0,031;8,28;98;0,003
2025-03-30T07:59:12Z;0,035;9;98;0,004
2025-03-30T07:59:13Z;0,038;10,08;100;0,003
2025-03-30T07:59:14Z;0,04;10,44;101;0,002
2025-03-30T07:59:15Z;0,043;10,8;101;0,003
2025-03-30T07:59:16Z;0,045;10,08;102;0,002
2025-03-30T07:59:17Z;0,048;9,36;103;0,003
2025-03-30T07:59:18Z;0,05;8,64;104;0,002
2025-03-30T07:59:19Z;0,053;9,36;105;0,003
2025-03-30T07:59:20Z;0,057;9,72;105;0,004
2025-03-30T07:59:21Z;0,06;10,44;105;0,003
2025-03-30T07:59:22Z;0,063;11,16;105;0,003
2025-03-30T07:59:23Z;0,068;12,96;105;0,005
2025-03-30T07:59:24Z;0,073;14,4;108;0,005
2025-03-30T07:59:25Z;0,076;14,04;109;0,003
2025-03-30T07:59:26Z;0,079;13,68;110;0,003
2025-03-30T07:59:27Z;0,082;13,68;111;0,003
2025-03-30T07:59:28Z;0,085;12,24;113;0,003
2025-03-30T07:59:29Z;0,091;12,96;114;0,006
2025-03-30T07:59:30Z;0,097;15,12;115;0,006
2025-03-30T07:59:31Z;0,1;14,76;119;0,003
2025-03-30T07:59:32Z;0,102;14,4;121;0,002
2025-03-30T07:59:33Z;0,104;14,04;126;0,002
2025-03-30T07:59:34Z;0,107;11,52;125;0,003
2025-03-30T07:59:35Z;0,111;9,72;125;0,004
2025-03-30T07:59:36Z;0,114;10,8;128;0,003
2025-03-30T07:59:37Z;0,118;11,52;129;0,004
2025-03-30T07:59:38Z;0,12;11,16;129;0,002
2025-03-30T07:59:39Z;0,122;11,16;129;0,002
2025-03-30T07:59:40Z;0,125;10,08;131;0,003
2025-03-30T07:59:41Z;0,127;9;132;0,002
2025-03-30T07:59:42Z;0,129;7,92;132;0,002
2025-03-30T07:59:43Z;0,132;8,64;133;0,003
2025-03-30T07:59:44Z;0,136;9,36;135;0,004
2025-03-30T07:59:45Z;0,139;10,08;137;0,003
2025-03-30T07:59:46Z;0,142;10,8;139;0,003
2025-03-30T07:59:47Z;0,147;12,96;140;0,005
2025-03-30T07:59:48Z;0,152;14,4;142;0,005
2025-03-30T07:59:49Z;0,155;13,68;143;0,003
2025-03-30T07:59:50Z;0,158;13,68;143;0,003
2025-03-30T07:59:51Z;0,16;12,96;144;0,002
2025-03-30T07:59:52Z;0,163;11,52;146;0,003
2025-03-30T07:59:53Z;0,167;10,8;149;0,004
2025-03-30T07:59:54Z;0,171;11,52;149;0,004
2025-03-30T07:59:55Z;0,175;12,6;150;0,004
2025-03-30T07:59:56Z;0,179;13,68;151;0,004
2025-03-30T07:59:57Z;0,183;14,4;150;0,004
2025-03-30T07:59:58Z;0,187;14,4;151;0,004
2025-03-30T07:59:59Z;0,193;15,84;151;0,006
2025-03-30T08:00:00Z;0,199;17,28;150;0,006
2025-03-30T08:00:01Z;0,202;16,56;150;0,003
2025-03-30T08:00:02Z;0,204;15,48;150;0,002
2025-03-30T08:00:03Z;0,207;14,4;150;0,003
2025-03-30T08:00:04Z;0,21;12,24;150;0,003
2025-03-30T08:00:05Z;0,213;10,08;151;0,003
2025-03-30T08:00:06Z;0,216;10,08;149;0,003
2025-03-30T08:00:07Z;0,219;10,44;150;0,003
2025-03-30T08:00:08Z;0,222;10,8;150;0,003
2025-03-30T08:00:09Z;0,226;11,16;150;0,004
2025-03-30T08:00:10Z;0,229;11,52;150;0,003
2025-03-30T08:00:11Z;0,233;11,88;150;0,004
2025-03-30T08:00:12Z;0,236;12,24;150;0,003
2025-03-30T08:00:13Z;0,239;12,24;149;0,003
2025-03-30T08:00:14Z;0,242;11,88;151;0,003
2025-03-30T08:00:15Z;0,245;11,52;149;0,003
2025-03-30T08:00:16Z;0,248;11,16;151;0,003
2025-03-30T08:00:17Z;0,251;10,8;153;0,003
2025-03-30T08:00:18Z;0,254;10,44;152;0,003
2025-03-30T08:00:19Z;0,256;10,08;150;0,002
2025-03-30T08:00:20Z;0,259;10,08;150;0,003
2025-03-30T08:00:21Z;0,261;9,36;151;0,002
2025-03-30T08:00:22Z;0,263;8,64;151;0,002
2025-03-30T08:00:23Z;0,265;8,28;150;0,002
2025-03-30T08:00:24Z;0,267;7,92;149;0,002
2025-03-30T08:00:25Z;0,269;7,2;149;0,002
2025-03-30T08:00:26Z;0,272;7,92;151;0,003
2025-03-30T08:00:27Z;0,275;8,28;151;0,003
2025-03-30T08:00:28Z;0,277;8,64;152;0,002
2025-03-30T08:00:29Z;0,28;9,36;150;0,003
2025-03-30T08:00:30Z;0,283;10,08;152;0,003
2025-03-30T08:00:31Z;0,285;10,08;152;0,002
2025-03-30T08:00:32Z;0,288;10,08;152;0,003
2025-03-30T08:00:33Z;0,291;10,08;152;0,003
2025-03-30T08:00:34Z;0,294;10,08;153;0,003
2025-03-30T08:00:35Z;0,296;10,08;155;0,002
2025-03-30T08:00:36Z;0,299;10,08;156;0,003
2025-03-30T08:00:37Z;0,302;10,08;155;0,003
2025-03-30T08:00:38Z;0,306;10,8;156;0,004
2025-03-30T08:00:39Z;0,31;11,52;155;0,004
2025-03-30T08:00:40Z;0,314;12,6;154;0,004
2025-03-30T08:00:41Z;0,316;12,24;156;0,002
2025-03-30T08:00:42Z;0,318;11,52;154;0,002
2025-03-30T08:00:43Z;0,32;10,08;154;0,002
2025-03-30T08:00:44Z;0,322;8,64;153;0,002
2025-03-30T08:00:45Z;0,324;7,2;154;0,002
2025-03-30T08:00:46Z;0,326;7,2;155;0,002
2025-03-30T08:00:47Z;0,328;7,56;154;0,002
2025-03-30T08:00:48Z;0,331;7,92;154;0,003
2025-03-30T08:00:49Z;0,333;7,92;153;0,002
2025-03-30T08:00:50Z;0,336;8,28;154;0,003
2025-03-30T08:00:51Z;0,338;8,64;154;0,002
2025-03-30T08:00:52Z;0,34;8,64;157;0,002
2025-03-30T08:00:53Z;0,343;8,64;154;0,003
2025-03-30T08:00:54Z;0,345;8,64;153;0,002
2025-03-30T08:00:55Z;0,348;8,64;153;0,003
2025-03-30T08:00:56Z;0,35;8,64;153;0,002
2025-03-30T08:00:57Z;0,354;10,08;152;0,004
2025-03-30T08:00:58Z;0,359;11,52;151;0,005
2025-03-30T08:00:59Z;0,363;12,96;151;0,004
2025-03-30T08:01:00Z;0,366;12,96;150;0,003
2025-03-30T08:01:01Z;0,369;13,32;151;0,003
2025-03-30T08:01:02Z;0,371;12,24;150;0,002
2025-03-30T08:01:03Z;0,374;11,16;151;0,003
2025-03-30T08:01:04Z;0,377;10,08;151;0,003
2025-03-30T08:01:05Z;0,383;11,88;150;0,006
2025-03-30T08:01:06Z;0,388;14,04;150;0,005
2025-03-30T08:01:07Z;0,391;13,68;149;0,003
2025-03-30T08:01:08Z;0,393;13,68;149;0,002
2025-03-30T08:01:09Z;0,396;13,68;151;0,003
2025-03-30T08:01:10Z;0,398;11,52;150;0,002
2025-03-30T08:01:11Z;0,401;9,36;151;0,003
2025-03-30T08:01:12Z;0,404;9,36;149;0,003
2025-03-30T08:01:13Z;0,406;9,36;149;0,002
2025-03-30T08:01:14Z;0,408;9;149;0,002
2025-03-30T08:01:15Z;0,411;9;149;0,003
2025-03-30T08:01:16Z;0,415;9,72;151;0,004
2025-03-30T08:01:17Z;0,418;10,8;151;0,003
2025-03-30T08:01:18Z;0,422;11,52;153;0,004
2025-03-30T08:01:19Z;0,424;11,52;152;0,002
2025-03-30T08:01:20Z;0,427;11,52;151;0,003
2025-03-30T08:01:21Z;0,429;10,8;151;0,002
2025-03-30T08:01:22Z;0,432;9,72;152;0,003
2025-03-30T08:01:23Z;0,435;9,36;150;0,003
2025-03-30T08:01:24Z;0,438;9,36;151;0,003
2025-03-30T08:01:25Z;0,44;9,36;152;0,002
2025-03-30T08:01:26Z;0,443;9,72;153;0,003
2025-03-30T08:01:27Z;0,445;9,72;153;0,002
2025-03-30T08:01:28Z;0,448;9,36;153;0,003
2025-03-30T08:01:29Z;0,45;9;153;0,002
2025-03-30T08:01:30Z;0,453;9;151;0,003
2025-03-30T08:01:31Z;0,455;8,64;152;0,002
2025-03-30T08:01:32Z;0,458;9,36;154;0,003
2025-03-30T08:01:33Z;0,462;9,72;155;0,004
2025-03-30T08:01:34Z;0,465;10,44;157;0,003
2025-03-30T08:01:35Z;0,468;11,16;158;0,003
2025-03-30T08:01:36Z;0,471;11,52;161;0,003
2025-03-30T08:01:37Z;0,474;11,52;162;0,003
2025-03-30T08:01:38Z;0,477;11,16;160;0,003
2025-03-30T08:01:39Z;0,48;10,8;161;0,003
2025-03-30T08:01:40Z;0,483;10,8;162;0,003
2025-03-30T08:01:41Z;0,486;10,8;162;0,003
2025-03-30T08:01:42Z;0,489;10,8;161;0,003
2025-03-30T08:01:43Z;0,492;10,8;161;0,003
2025-03-30T08:01:44Z;0,495;10,8;160;0,003
2025-03-30T08:01:45Z;0,497;10,44;158;0,002
2025-03-30T08:01:46Z;0,5;10,08;161;0,003
2025-03-30T08:01:47Z;0,503;10,08;160;0,003
2025-03-30T08:01:48Z;0,507;10,8;161;0,004
2025-03-30T08:01:49Z;0,511;11,52;161;0,004
2025-03-30T08:01:50Z;0,515;12,6;160;0,004
2025-03-30T08:01:51Z;0,517;12,24;158;0,002
2025-03-30T08:01:52Z;0,519;11,88;156;0,002
2025-03-30T08:01:53Z;0,522;10,44;154;0,003
2025-03-30T08:01:54Z;0,524;9,36;154;0,002
2025-03-30T08:01:55Z;0,526;7,92;154;0,002
2025-03-30T08:01:56Z;0,53;9,36;155;0,004
2025-03-30T08:01:57Z;0,534;10,44;154;0,004
2025-03-30T08:01:58Z;0,538;11,88;154;0,004
2025-03-30T08:01:59Z;0,541;12,24;152;0,003
2025-03-30T08:02:00Z;0,544;12,96;150;0,003
2025-03-30T08:02:01Z;0,547;12,24;151;0,003
2025-03-30T08:02:02Z;0,55;11,52;149;0,003
2025-03-30T08:02:03Z;0,552;10,08;149;0,002
2025-03-30T08:02:04Z;0,554;9,72;150;0,002
2025-03-30T08:02:05Z;0,557;9;150;0,003
2025-03-30T08:02:06Z;0,559;8,64;149;0,002
2025-03-30T08:02:07Z;0,561;7,92;146;0,002
2025-03-30T08:02:08Z;0,564;8,28;147;0,003
2025-03-30T08:02:09Z;0,567;8,64;146;0,003
2025-03-30T08:02:10Z;0,569;9;145;0,002
2025-03-30T08:02:11Z;0,572;9,36;146;0,003
2025-03-30T08:02:12Z;0,575;10,08;146;0,003
2025-03-30T08:02:13Z;0,579;10,8;145;0,004
2025-03-30T08:02:14Z;0,582;10,8;145;0,003
2025-03-30T08:02:15Z;0,585;11,52;144;0,003
2025-03-30T08:02:16Z;0,589;11,88;144;0,004
2025-03-30T08:02:17Z;0,592;12,24;145;0,003
2025-03-30T08:02:18Z;0,596;12,6;146;0,004
2025-03-30T08:02:19Z;0,599;12,24;146;0,003
2025-03-30T08:02:20Z;0,602;12,24;147;0,003
2025-03-30T08:02:21Z;0,605;11,88;147;0,003
2025-03-30T08:02:22Z;0,608;11,16;146;0,003
2025-03-30T08:02:23Z;0,612;11,16;145;0,004
2025-03-30T08:02:24Z;0,615;11,88;148;0,003
2025-03-30T08:02:25Z;0,619;12,24;147;0,004
2025-03-30T08:02:26Z;0,623;12,6;148;0,004
2025-03-30T08:02:27Z;0,626;13,32;148;0,003
2025-03-30T08:02:28Z;0,63;13,32;146;0,004
2025-03-30T08:02:29Z;0,634;13,32;147;0,004
2025-03-30T08:02:30Z;0,638;13,68;146;0,004
2025-03-30T08:02:31Z;0,642;14,04;148;0,004
2025-03-30T08:02:32Z;0,645;13,68;149;0,003
2025-03-30T08:02:33Z;0,649;13,32;147;0,004
2025-03-30T08:02:34Z;0,652;12,96;149;0,003
2025-03-30T08:02:35Z;0,655;11,88;149;0,003
2025-03-30T08:02:36Z;0,657;10,8;148;0,002
2025-03-30T08:02:37Z;0,66;10,44;147;0,003
2025-03-30T08:02:38Z;0,662;9,72;149;0,002
2025-03-30T08:02:39Z;0,665;9,36;150;0,003
2025-03-30T08:02:40Z;0,669;10,44;152;0,004
2025-03-30T08:02:41Z;0,674;11,88;153;0,005
2025-03-30T08:02:42Z;0,678;12,96;152;0,004
2025-03-30T08:02:43Z;0,681;13,32;151;0,003
2025-03-30T08:02:44Z;0,684;13,68;152;0,003
2025-03-30T08:02:45Z;0,687;12,6;154;0,003
2025-03-30T08:02:46Z;0,69;11,88;154;0,003
2025-03-30T08:02:47Z;0,692;10,08;155;0,002
2025-03-30T08:02:48Z;0,694;9,36;156;0,002
2025-03-30T08:02:49Z;0,696;8,64;158;0,002
2025-03-30T08:02:50Z;0,698;7,92;160;0,002
2025-03-30T08:02:51Z;0,7;7,2;160;0,002
2025-03-30T08:02:52Z;0,703;7,92;161;0,003
2025-03-30T08:02:53Z;0,706;8,64;160;0,003
2025-03-30T08:02:54Z;0,709;9,36;162;0,003
2025-03-30T08:02:55Z;0,712;10,08;161;0,003
2025-03-30T08:02:56Z;0,716;11,52;162;0,004
2025-03-30T08:02:57Z;0,72;12,24;160;0,004
2025-03-30T08:02:58Z;0,724;12,96;159;0,004
2025-03-30T08:02:59Z;0,727;12,96;159;0,003
2025-03-30T08:03:00Z;0,731;13,32;159;0,004
2025-03-30T08:03:01Z;0,734;12,96;160;0,003
2025-03-30T08:03:02Z;0,737;12,24;160;0,003
2025-03-30T08:03:03Z;0,74;11,52;160;0,003
2025-03-30T08:03:04Z;0,744;11,52;159;0,004
2025-03-30T08:03:05Z;0,747;11,52;160;0,003
2025-03-30T08:03:06Z;0,75;11,52;160;0,003
2025-03-30T08:03:07Z;0,753;11,52;160;0,003
2025-03-30T08:03:08Z;0,756;11,52;163;0,003
2025-03-30T08:03:09Z;0,759;11,16;162;0,003
2025-03-30T08:03:10Z;0,762;10,8;162;0,003
2025-03-30T08:03:11Z;0,765;10,8;164;0,003
2025-03-30T08:03:12Z;0,768;11,16;164;0,003
2025-03-30T08:03:13Z;0,772;11,52;165;0,004
2025-03-30T08:03:14Z;0,775;11,52;165;0,003
2025-03-30T08:03:15Z;0,778;11,16;165;0,003
2025-03-30T08:03:16Z;0,78;10,8;165;0,002
2025-03-30T08:03:17Z;0,783;10,44;165;0,003
2025-03-30T08:03:18Z;0,785;9,72;167;0,002
2025-03-30T08:03:19Z;0,788;9,36;166;0,003
2025-03-30T08:03:20Z;0,791;9,72;166;0,003
2025-03-30T08:03:21Z;0,794;10,08;166;0,003
2025-03-30T08:03:22Z;0,797;10,08;165;0,003
2025-03-30T08:03:23Z;0,8;10,44;164;0,003
2025-03-30T08:03:24Z;0,804;11,52;167;0,004
2025-03-30T08:03:25Z;0,808;12,24;168;0,004
2025-03-30T08:03:26Z;0,812;12,96;166;0,004
2025-03-30T08:03:27Z;0,815;12,96;167;0,003
2025-03-30T08:03:28Z;0,818;12,6;168;0,003
2025-03-30T08:03:29Z;0,82;11,52;168;0,002
2025-03-30T08:03:30Z;0,823;10,8;167;0,003
2025-03-30T08:03:31Z;0,825;9,72;166;0,002
2025-03-30T08:03:32Z;0,828;9,36;167;0,003
2025-03-30T08:03:33Z;0,83;9;166;0,002
2025-03-30T08:03:34Z;0,833;9;165;0,003
2025-03-30T08:03:35Z;0,835;8,64;166;0,002
2025-03-30T08:03:36Z;0,838;9,36;164;0,003
2025-03-30T08:03:37Z;0,842;9,72;165;0,004
2025-03-30T08:03:38Z;0,845;10,44;165;0,003
2025-03-30T08:03:39Z;0,848;11,16;163;0,003
2025-03-30T08:03:40Z;0,851;11,52;164;0,003
2025-03-30T08:03:41Z;0,854;10,8;164;0,003
2025-03-30T08:03:42Z;0,856;10,8;165;0,002
2025-03-30T08:03:43Z;0,859;10,08;164;0,003
2025-03-30T08:03:44Z;0,862;10,08;166;0,003
2025-03-30T08:03:45Z;0,865;10,08;166;0,003
2025-03-30T08:03:46Z;0,867;10,08;166;0,002
2025-03-30T08:03:47Z;0,87;10,08;167;0,003
2025-03-30T08:03:48Z;0,874;10,44;167;0,004
2025-03-30T08:03:49Z;0,877;11,16;167;0,003
2025-03-30T08:03:50Z;0,881;11,88;166;0,004
2025-03-30T08:03:51Z;0,883;11,52;168;0,002
2025-03-30T08:03:52Z;0,886;11,52;168;0,003
2025-03-30T08:03:53Z;0,888;10,44;169;0,002
2025-03-30T08:03:54Z;0,891;9,72;169;0,003
2025-03-30T08:03:55Z;0,893;8,64;166;0,002
2025-03-30T08:03:56Z;0,896;9;165;0,003
2025-03-30T08:03:57Z;0,898;9;165;0,002
2025-03-30T08:03:58Z;0,901;9,36;166;0,003
2025-03-30T08:03:59Z;0,904;9,72;168;0,003
2025-03-30T08:04:00Z;0,907;10,08;169;0,003
2025-03-30T08:04:01Z;0,909;10,08;169;0,002
2025-03-30T08:04:02Z;0,912;10,08;168;0,003
2025-03-30T08:04:03Z;0,915;10,08;169;0,003
2025-03-30T08:04:04Z;0,918;10,08;171;0,003
2025-03-30T08:04:05Z;0,92;10,08;170;0,002
2025-03-30T08:04:06Z;0,923;10,08;168;0,003
2025-03-30T08:04:07Z;0,926;10,08;167;0,003
2025-03-30T08:04:08Z;0,929;10,08;169;0,003
2025-03-30T08:04:09Z;0,932;10,08;168;0,003
2025-03-30T08:04:10Z;0,935;10,44;166;0,003
2025-03-30T08:04:11Z;0,938;10,8;165;0,003
2025-03-30T08:04:12Z;0,941;10,44;166;0,003
2025-03-30T08:04:13Z;0,943;10,08;166;0,002
2025-03-30T08:04:14Z;0,946;9,72;165;0,003
2025-03-30T08:04:15Z;0,948;9,36;164;0,002
2025-03-30T08:04:16Z;0,95;9;164;0,002
2025-03-30T08:04:17Z;0,953;9;163;0,003
2025-03-30T08:04:18Z;0,955;8,64;162;0,002
2025-03-30T08:04:19Z;0,958;8,64;160;0,003
2025-03-30T08:04:20Z;0,96;8,64;160;0,002
2025-03-30T08:04:21Z;0,963;9;158;0,003
2025-03-30T08:04:22Z;0,966;9;159;0,003
2025-03-30T08:04:23Z;0,968;9,36;160;0,002
2025-03-30T08:04:24Z;0,971;9,72;160;0,003
2025-03-30T08:04:25Z;0,976;11,52;159;0,005
2025-03-30T08:04:26Z;0,981;12,96;158;0,005
2025-03-30T08:04:27Z;0,986;14,76;158;0,005
2025-03-30T08:04:28Z;0,989;15,12;157;0,003
2025-03-30T08:04:29Z;0,992;15,12;157;0,003
2025-03-30T08:04:30Z;0,995;13,68;157;0,003
2025-03-30T08:04:31Z;0,998;12,24;156;0,003
2025-03-30T08:04:32Z;1,001;10,8;156;0,003
2025-03-30T08:04:33Z;1,004;10,8;156;0,003
2025-03-30T08:04:34Z;1,007;10,8;156;0,003
2025-03-30T08:04:35Z;1,01;10,8;158;0,003
2025-03-30T08:04:36Z;1,012;10,08;158;0,002
2025-03-30T08:04:37Z;1,014;9,72;156;0,002
2025-03-30T08:04:38Z;1,017;9;153;0,003
2025-03-30T08:04:39Z;1,019;8,64;153;0,002
2025-03-30T08:04:40Z;1,021;7,92;153;0,002
2025-03-30T08:04:41Z;1,024;8,28;151;0,003
2025-03-30T08:04:42Z;1,026;8,28;151;0,002
2025-03-30T08:04:43Z;1,028;8,64;153;0,002
2025-03-30T08:04:44Z;1,031;8,64;153;0,003
2025-03-30T08:04:45Z;1,034;9,36;152;0,003
2025-03-30T08:04:46Z;1,037;9,72;154;0,003
2025-03-30T08:04:47Z;1,04;10,08;157;0,003
2025-03-30T08:04:48Z;1,043;10,44;157;0,003
2025-03-30T08:04:49Z;1,046;10,8;156;0,003
2025-03-30T08:04:50Z;1,05;11,16;155;0,004
2025-03-30T08:04:51Z;1,053;11,52;156;0,003
2025-03-30T08:04:52Z;1,056;11,52;156;0,003
2025-03-30T08:04:53Z;1,059;11,88;155;0,003
2025-03-30T08:04:54Z;1,063;11,88;154;0,004
2025-03-30T08:04:55Z;1,066;11,88;154;0,003
2025-03-30T08:04:56Z;1,07;12,24;152;0,004
2025-03-30T08:04:57Z;1,073;12,6;151;0,003
2025-03-30T08:04:58Z;1,077;12,6;152;0,004
2025-03-30T08:04:59Z;1,08;12,24;152;0,003
2025-03-30T08:05:00Z;1,083;11,88;151;0,003
2025-03-30T08:05:01Z;1,085;11,16;150;0,002
2025-03-30T08:05:02Z;1,088;10,8;149;0,003
2025-03-30T08:05:03Z;1,091;10,08;149;0,003
2025-03-30T08:05:04Z;1,093;9,72;151;0,002
2025-03-30T08:05:05Z;1,096;9,36;151;0,003
2025-03-30T08:05:06Z;1,098;9,36;151;0,002
2025-03-30T08:05:07Z;1,101;9;150;0,003
2025-03-30T08:05:08Z;1,103;8,64;149;0,002
2025-03-30T08:05:09Z;1,106;9;147;0,003
2025-03-30T08:05:10Z;1,109;9;147;0,003
2025-03-30T08:05:11Z;1,111;9,36;147;0,002
2025-03-30T08:05:12Z;1,114;9,72;147;0,003
2025-03-30T08:05:13Z;1,118;10,44;148;0,004
2025-03-30T08:05:14Z;1,121;11,16;148;0,003
2025-03-30T08:05:15Z;1,125;11,88;149;0,004
2025-03-30T08:05:16Z;1,127;11,52;150;0,002
2025-03-30T08:05:17Z;1,129;10,8;149;0,002
2025-03-30T08:05:18Z;1,131;9,72;151;0,002
2025-03-30T08:05:19Z;1,133;8,28;149;0,002
2025-03-30T08:05:20Z;1,135;7,2;149;0,002
2025-03-30T08:05:21Z;1,138;7,92;148;0,003
2025-03-30T08:05:22Z;1,141;9;148;0,003
2025-03-30T08:05:23Z;1,145;10,08;148;0,004
2025-03-30T08:05:24Z;1,148;10,8;150;0,003
2025-03-30T08:05:25Z;1,153;13,32;152;0,005
2025-03-30T08:05:26Z;1,159;15,12;153;0,006
2025-03-30T08:05:27Z;1,162;14,76;158;0,003
2025-03-30T08:05:28Z;1,165;14,4;157;0,003
2025-03-30T08:05:29Z;1,168;14,4;156;0,003
2025-03-30T08:05:30Z;1,171;12,6;157;0,003
2025-03-30T08:05:31Z;1,174;10,8;155;0,003
2025-03-30T08:05:32Z;1,177;10,44;154;0,003
2025-03-30T08:05:33Z;1,179;10,08;155;0,002
2025-03-30T08:05:34Z;1,182;10,08;156;0,003
2025-03-30T08:05:35Z;1,185;9,72;156;0,003
2025-03-30T08:05:36Z;1,187;9,36;154;0,002
2025-03-30T08:05:37Z;1,19;9,36;154;0,003
2025-03-30T08:05:38Z;1,192;9,36;154;0,002
2025-03-30T08:05:39Z;1,194;9;152;0,002
2025-03-30T08:05:40Z;1,197;9;152;0,003
2025-03-30T08:05:41Z;1,2;9;151;0,003
2025-03-30T08:05:42Z;1,202;9;151;0,002
2025-03-30T08:05:43Z;1,204;8,64;150;0,002
2025-03-30T08:05:44Z;1,206;8,64;151;0,002
2025-03-30T08:05:45Z;1,209;8,28;153;0,003
2025-03-30T08:05:46Z;1,211;8,28;153;0,002
2025-03-30T08:05:47Z;1,213;7,92;153;0,002
2025-03-30T08:05:48Z;1,215;7,92;153;0,002
2025-03-30T08:05:49Z;1,218;8,28;153;0,003
2025-03-30T08:05:50Z;1,22;8,28;153;0,002
2025-03-30T08:05:51Z;1,223;8,64;154;0,003
2025-03-30T08:05:52Z;1,225;8,64;153;0,002
2025-03-30T08:05:53Z;1,228;9;154;0,003
2025-03-30T08:05:54Z;1,231;9,36;153;0,003
2025-03-30T08:05:55Z;1,234;10,08;153;0,003
2025-03-30T08:05:56Z;1,237;10,44;152;0,003
2025-03-30T08:05:57Z;1,24;10,8;153;0,003
2025-03-30T08:05:58Z;1,243;10,8;153;0,003
2025-03-30T08:05:59Z;1,246;10,8;154;0,003
2025-03-30T08:06:00Z;1,249;10,8;154;0,003
2025-03-30T08:06:01Z;1,252;10,8;154;0,003
2025-03-30T08:06:02Z;1,256;11,16;153;0,004
2025-03-30T08:06:03Z;1,259;11,52;152;0,003
2025-03-30T08:06:04Z;1,262;11,52;152;0,003
2025-03-30T08:06:05Z;1,266;12,24;153;0,004
2025-03-30T08:06:06Z;1,27;12,96;155;0,004
2025-03-30T08:06:07Z;1,274;13,32;156;0,004
2025-03-30T08:06:08Z;1,276;12,6;155;0,002
2025-03-30T08:06:09Z;1,279;12,24;155;0,003
2025-03-30T08:06:10Z;1,281;10,8;157;0,002
2025-03-30T08:06:11Z;1,284;9,72;159;0,003
2025-03-30T08:06:12Z;1,286;8,64;160;0,002
2025-03-30T08:06:13Z;1,29;9,72;159;0,004
2025-03-30T08:06:14Z;1,294;10,8;159;0,004
2025-03-30T08:06:15Z;1,298;12,24;159;0,004
2025-03-30T08:06:16Z;1,3;12,24;158;0,002
2025-03-30T08:06:17Z;1,303;12,24;159;0,003
2025-03-30T08:06:18Z;1,306;11,16;159;0,003
2025-03-30T08:06:19Z;1,308;10,08;159;0,002
2025-03-30T08:06:20Z;1,311;9,36;160;0,003
2025-03-30T08:06:21Z;1,313;9,36;162;0,002
2025-03-30T08:06:22Z;1,316;9,36;163;0,003
2025-03-30T08:06:23Z;1,319;9,72;161;0,003
2025-03-30T08:06:24Z;1,321;9,36;164;0,002
2025-03-30T08:06:25Z;1,323;9;165;0,002
2025-03-30T08:06:26Z;1,326;8,64;163;0,003
2025-03-30T08:06:27Z;1,328;8,28;162;0,002
2025-03-30T08:06:28Z;1,33;7,92;161;0,002
2025-03-30T08:06:29Z;1,333;8,28;159;0,003
2025-03-30T08:06:30Z;1,335;8,64;156;0,002
2025-03-30T08:06:31Z;1,338;9;155;0,003
2025-03-30T08:06:32Z;1,341;9,36;155;0,003
2025-03-30T08:06:33Z;1,344;10,44;157;0,003
2025-03-30T08:06:34Z;1,348;10,8;157;0,004
2025-03-30T08:06:35Z;1,351;11,16;159;0,003
2025-03-30T08:06:36Z;1,353;10,8;156;0,002
2025-03-30T08:06:37Z;1,356;10,8;156;0,003
2025-03-30T08:06:38Z;1,359;10,08;158;0,003
2025-03-30T08:06:39Z;1,361;9,72;160;0,002
2025-03-30T08:06:40Z;1,363;8,28;162;0,002
2025-03-30T08:06:41Z;1,364;7,92;163;0,001
2025-03-30T08:06:42Z;1,366;7,2;165;0,002
2025-03-30T08:06:43Z;1,368;6,48;165;0,002
2025-03-30T08:06:44Z;1,369;6,12;165;0,001
2025-03-30T08:06:45Z;1,371;6,12;165;0,002
2025-03-30T08:06:46Z;1,374;6,84;163;0,003
2025-03-30T08:06:47Z;1,376;7,2;162;0,002
2025-03-30T08:06:48Z;1,379;7,92;160;0,003
2025-03-30T08:06:49Z;1,381;8,64;158;0,002
2025-03-30T08:06:50Z;1,384;9,36;157;0,003
2025-03-30T08:06:51Z;1,387;9,36;157;0,003
2025-03-30T08:06:52Z;1,389;9,72;157;0,002
2025-03-30T08:06:53Z;1,392;9,72;156;0,003
2025-03-30T08:06:54Z;1,395;9,72;156;0,003
2025-03-30T08:06:55Z;1,398;10,08;157;0,003
2025-03-30T08:06:56Z;1,401;10,08;155;0,003
2025-03-30T08:06:57Z;1,404;10,44;155;0,003
2025-03-30T08:06:58Z;1,407;10,8;155;0,003
2025-03-30T08:06:59Z;1,41;10,8;156;0,003
2025-03-30T08:07:00Z;1,413;10,44;156;0,003
2025-03-30T08:07:01Z;1,415;10,08;155;0,002
2025-03-30T08:07:02Z;1,418;10,08;156;0,003
2025-03-30T08:07:03Z;1,421;9,72;157;0,003
2025-03-30T08:07:04Z;1,423;9,36;157;0,002
2025-03-30T08:07:05Z;1,425;9,36;158;0,002
2025-03-30T08:07:06Z;1,428;9,36;159;0,003
2025-03-30T08:07:07Z;1,431;9,36;160;0,003
2025-03-30T08:07:08Z;1,434;9,72;160;0,003
2025-03-30T08:07:09Z;1,437;10,08;160;0,003
2025-03-30T08:07:10Z;1,44;10,44;160;0,003
2025-03-30T08:07:11Z;1,443;10,8;160;0,003
2025-03-30T08:07:12Z;1,446;10,44;160;0,003
2025-03-30T08:07:13Z;1,448;10,08;162;0,002
2025-03-30T08:07:14Z;1,451;10,08;163;0,003
2025-03-30T08:07:15Z;1,454;10,08;163;0,003
2025-03-30T08:07:16Z;1,456;10,08;163;0,002
2025-03-30T08:07:17Z;1,459;10,08;162;0,003
2025-03-30T08:07:18Z;1,462;10,08;163;0,003
2025-03-30T08:07:19Z;1,464;9,72;163;0,002
2025-03-30T08:07:20Z;1,467;9,36;163;0,003
2025-03-30T08:07:21Z;1,47;9,36;164;0,003
2025-03-30T08:07:22Z;1,472;9,36;165;0,002
2025-03-30T08:07:23Z;1,475;9,36;165;0,003
2025-03-30T08:07:24Z;1,478;9,36;164;0,003
2025-03-30T08:07:25Z;1,48;9,36;165;0,002
2025-03-30T08:07:26Z;1,483;9,72;166;0,003
2025-03-30T08:07:27Z;1,486;10,08;165;0,003
2025-03-30T08:07:28Z;1,488;10,08;165;0,002
2025-03-30T08:07:29Z;1,491;10,08;166;0,003
2025-03-30T08:07:30Z;1,494;10,08;165;0,003
2025-03-30T08:07:31Z;1,497;10,08;164;0,003
2025-03-30T08:07:32Z;1,5;10,08;166;0,003
2025-03-30T08:07:33Z;1,503;10,44;165;0,003
2025-03-30T08:07:34Z;1,506;10,8;164;0,003
2025-03-30T08:07:35Z;1,51;11,52;165;0,004
2025-03-30T08:07:36Z;1,514;12,24;164;0,004
2025-03-30T08:07:37Z;1,518;12,96;163;0,004
2025-03-30T08:07:38Z;1,52;12,24;164;0,002
2025-03-30T08:07:39Z;1,522;11,88;163;0,002
2025-03-30T08:07:40Z;1,525;10,44;162;0,003
2025-03-30T08:07:41Z;1,527;9,36;162;0,002
2025-03-30T08:07:42Z;1,529;7,92;161;0,002
2025-03-30T08:07:43Z;1,532;8,28;160;0,003
2025-03-30T08:07:44Z;1,534;8,64;160;0,002
2025-03-30T08:07:45Z;1,537;9;160;0,003
2025-03-30T08:07:46Z;1,54;9,36;159;0,003
2025-03-30T08:07:47Z;1,543;10,08;159;0,003
2025-03-30T08:07:48Z;1,546;10,8;158;0,003
2025-03-30T08:07:49Z;1,55;10,8;159;0,004
2025-03-30T08:07:50Z;1,553;11,52;162;0,003
2025-03-30T08:07:51Z;1,556;11,52;163;0,003
2025-03-30T08:07:52Z;1,558;10,8;162;0,002
2025-03-30T08:07:53Z;1,561;10,8;162;0,003
2025-03-30T08:07:54Z;1,564;10,08;162;0,003
2025-03-30T08:07:55Z;1,567;10,08;164;0,003
2025-03-30T08:07:56Z;1,569;10,08;163;0,002
2025-03-30T08:07:57Z;1,572;10,08;163;0,003
2025-03-30T08:07:58Z;1,575;10,08;162;0,003
2025-03-30T08:07:59Z;1,578;10,08;163;0,003
2025-03-30T08:08:00Z;1,581;10,08;163;0,003
2025-03-30T08:08:01Z;1,583;10,08;162;0,002
2025-03-30T08:08:02Z;1,586;10,08;162;0,003
2025-03-30T08:08:03Z;1,589;10,08;162;0,003
2025-03-30T08:08:04Z;1,591;10,08;162;0,002
2025-03-30T08:08:05Z;1,594;10,08;162;0,003
2025-03-30T08:08:06Z;1,597;10,08;164;0,003
2025-03-30T08:08:07Z;1,599;9,72;163;0,002
2025-03-30T08:08:08Z;1,602;9,36;163;0,003
2025-03-30T08:08:09Z;1,605;9,36;163;0,003
2025-03-30T08:08:10Z;1,607;9,36;163;0,002
2025-03-30T08:08:11Z;1,611;10,44;163;0,004
2025-03-30T08:08:12Z;1,616;11,52;162;0,005
2025-03-30T08:08:13Z;1,62;12,96;162;0,004
2025-03-30T08:08:14Z;1,622;12,96;162;0,002
2025-03-30T08:08:15Z;1,625;12,96;163;0,003
2025-03-30T08:08:16Z;1,627;11,52;162;0,002
2025-03-30T08:08:17Z;1,63;10,08;162;0,003
2025-03-30T08:08:18Z;1,632;8,64;161;0,002
2025-03-30T08:08:19Z;1,635;9,36;163;0,003
2025-03-30T08:08:20Z;1,639;10,08;163;0,004
2025-03-30T08:08:21Z;1,642;10,8;165;0,003
2025-03-30T08:08:22Z;1,645;10,8;164;0,003
2025-03-30T08:08:23Z;1,647;11,16;164;0,002
2025-03-30T08:08:24Z;1,65;10,8;163;0,003
2025-03-30T08:08:25Z;1,653;10,44;163;0,003
2025-03-30T08:08:26Z;1,655;9,36;164;0,002
2025-03-30T08:08:27Z;1,657;9;165;0,002
2025-03-30T08:08:28Z;1,66;8,64;165;0,003
2025-03-30T08:08:29Z;1,662;8,28;163;0,002
2025-03-30T08:08:30Z;1,664;7,92;164;0,002
2025-03-30T08:08:31Z;1,667;8,64;164;0,003
2025-03-30T08:08:32Z;1,671;9,36;164;0,004
2025-03-30T08:08:33Z;1,674;10,08;165;0,003
2025-03-30T08:08:34Z;1,677;10,8;164;0,003
2025-03-30T08:08:35Z;1,68;11,52;165;0,003
2025-03-30T08:08:36Z;1,683;11,52;163;0,003
2025-03-30T08:08:37Z;1,687;11,52;164;0,004
2025-03-30T08:08:38Z;1,69;11,52;165;0,003
2025-03-30T08:08:39Z;1,693;11,52;165;0,003
2025-03-30T08:08:40Z;1,696;11,52;164;0,003
2025-03-30T08:08:41Z;1,699;11,16;164;0,003
2025-03-30T08:08:42Z;1,702;10,8;165;0,003
2025-03-30T08:08:43Z;1,704;10,44;165;0,002
2025-03-30T08:08:44Z;1,707;10,08;165;0,003
2025-03-30T08:08:45Z;1,709;9,36;164;0,002
2025-03-30T08:08:46Z;1,712;9;165;0,003
2025-03-30T08:08:47Z;1,714;8,64;166;0,002
2025-03-30T08:08:48Z;1,716;8,64;166;0,002
2025-03-30T08:08:49Z;1,719;8,64;164;0,003
2025-03-30T08:08:50Z;1,722;9;165;0,003
2025-03-30T08:08:51Z;1,724;9;167;0,002
2025-03-30T08:08:52Z;1,728;9,72;169;0,004
2025-03-30T08:08:53Z;1,731;10,8;165;0,003
2025-03-30T08:08:54Z;1,735;11,52;166;0,004
2025-03-30T08:08:55Z;1,738;11,88;168;0,003
2025-03-30T08:08:56Z;1,741;12,24;168;0,003
2025-03-30T08:08:57Z;1,744;11,88;168;0,003
2025-03-30T08:08:58Z;1,747;11,16;170;0,003
2025-03-30T08:08:59Z;1,75;10,8;168;0,003
2025-03-30T08:09:00Z;1,753;10,8;167;0,003
2025-03-30T08:09:01Z;1,756;10,8;167;0,003
2025-03-30T08:09:02Z;1,759;10,8;167;0,003
2025-03-30T08:09:03Z;1,761;10,08;166;0,002
2025-03-30T08:09:04Z;1,763;9,72;167;0,002
2025-03-30T08:09:05Z;1,766;9;168;0,003
2025-03-30T08:09:06Z;1,768;8,64;168;0,002
2025-03-30T08:09:07Z;1,77;7,92;168;0,002
2025-03-30T08:09:08Z;1,774;9,36;170;0,004
2025-03-30T08:09:09Z;1,778;10,44;169;0,004
2025-03-30T08:09:10Z;1,782;11,88;170;0,004
2025-03-30T08:09:11Z;1,784;11,88;170;0,002
2025-03-30T08:09:12Z;1,787;12,24;169;0,003
2025-03-30T08:09:13Z;1,79;11,16;169;0,003
2025-03-30T08:09:14Z;1,792;10,08;170;0,002
2025-03-30T08:09:15Z;1,794;8,64;169;0,002
2025-03-30T08:09:16Z;1,796;8,64;168;0,002
2025-03-30T08:09:17Z;1,799;8,28;169;0,003
2025-03-30T08:09:18Z;1,801;8,28;170;0,002
2025-03-30T08:09:19Z;1,803;7,92;171;0,002
2025-03-30T08:09:20Z;1,806;8,28;171;0,003
2025-03-30T08:09:21Z;1,808;8,64;170;0,002
2025-03-30T08:09:22Z;1,811;9;169;0,003
2025-03-30T08:09:23Z;1,814;9,36;168;0,003
2025-03-30T08:09:24Z;1,817;10,08;168;0,003
2025-03-30T08:09:25Z;1,819;10,08;169;0,002
2025-03-30T08:09:26Z;1,822;10,08;166;0,003
2025-03-30T08:09:27Z;1,825;10,08;164;0,003
2025-03-30T08:09:28Z;1,827;9,72;163;0,002
2025-03-30T08:09:29Z;1,83;9,36;164;0,003
2025-03-30T08:09:30Z;1,833;9,36;163;0,003
2025-03-30T08:09:31Z;1,835;9,36;161;0,002
2025-03-30T08:09:32Z;1,838;9,36;161;0,003
2025-03-30T08:09:33Z;1,841;9,72;161;0,003
2025-03-30T08:09:34Z;1,844;10,08;161;0,003
2025-03-30T08:09:35Z;1,847;10,44;161;0,003
2025-03-30T08:09:36Z;1,85;10,8;161;0,003
2025-03-30T08:09:37Z;1,853;10,8;161;0,003
2025-03-30T08:09:38Z;1,856;10,8;160;0,003
2025-03-30T08:09:39Z;1,859;10,8;161;0,003
2025-03-30T08:09:40Z;1,862;10,8;161;0,003
2025-03-30T08:09:41Z;1,865;10,8;163;0,003
2025-03-30T08:09:42Z;1,868;10,8;165;0,003
2025-03-30T08:09:43Z;1,871;10,8;168;0,003
2025-03-30T08:09:44Z;1,874;10,8;169;0,003
2025-03-30T08:09:45Z;1,877;10,44;170;0,003
2025-03-30T08:09:46Z;1,879;10,08;173;0,002
2025-03-30T08:09:47Z;1,882;10,08;173;0,003
2025-03-30T08:09:48Z;1,885;10,08;172;0,003
2025-03-30T08:09:49Z;1,888;10,08;173;0,003
2025-03-30T08:09:50Z;1,891;10,44;173;0,003
2025-03-30T08:09:51Z;1,894;10,8;172;0,003
2025-03-30T08:09:52Z;1,897;10,8;172;0,003
2025-03-30T08:09:53Z;1,901;11,16;171;0,004
2025-03-30T08:09:54Z;1,904;11,52;172;0,003
2025-03-30T08:09:55Z;1,907;11,52;174;0,003
2025-03-30T08:09:56Z;1,91;11,52;172;0,003
2025-03-30T08:09:57Z;1,913;10,8;171;0,003
2025-03-30T08:09:58Z;1,915;10,8;170;0,002
2025-03-30T08:09:59Z;1,918;10,08;170;0,003
2025-03-30T08:10:00Z;1,921;10,08;172;0,003
2025-03-30T08:10:01Z;1,924;10,08;172;0,003
2025-03-30T08:10:02Z;1,927;10,44;172;0,003
2025-03-30T08:10:03Z;1,93;10,8;173;0,003
2025-03-30T08:10:04Z;1,933;10,8;170;0,003
2025-03-30T08:10:05Z;1,936;10,8;169;0,003
2025-03-30T08:10:06Z;1,939;10,8;170;0,003
2025-03-30T08:10:07Z;1,942;10,8;169;0,003
2025-03-30T08:10:08Z;1,945;10,44;167;0,003
2025-03-30T08:10:09Z;1,947;10,08;168;0,002
2025-03-30T08:10:10Z;1,95;10,08;166;0,003
2025-03-30T08:10:11Z;1,952;9,72;167;0,002
2025-03-30T08:10:12Z;1,955;9,36;167;0,003
2025-03-30T08:10:13Z;1,958;9,72;168;0,003
2025-03-30T08:10:14Z;1,961;10,08;168;0,003
2025-03-30T08:10:15Z;1,964;10,08;168;0,003
2025-03-30T08:10:16Z;1,967;10,44;168;0,003
2025-03-30T08:10:17Z;1,97;11,16;166;0,003
2025-03-30T08:10:18Z;1,974;11,16;167;0,004
2025-03-30T08:10:19Z;1,977;11,52;167;0,003
2025-03-30T08:10:20Z;1,979;11,16;164;0,002
2025-03-30T08:10:21Z;1,982;10,8;164;0,003
2025-03-30T08:10:22Z;1,984;10,08;165;0,002
2025-03-30T08:10:23Z;1,987;9,36;165;0,003
2025-03-30T08:10:24Z;1,989;8,64;165;0,002
2025-03-30T08:10:25Z;1,992;9,36;164;0,003
2025-03-30T08:10:26Z;1,996;10,08;164;0,004
2025-03-30T08:10:27Z;1,999;10,8;164;0,003
2025-03-30T08:10:28Z;2,002;11,16;164;0,003
2025-03-30T08:10:29Z;2,006;11,88;161;0,004
2025-03-30T08:10:30Z;2,009;11,88;162;0,003
2025-03-30T08:10:31Z;2,014;13,68;161;0,005
2025-03-30T08:10:32Z;2,02;15,12;161;0,006
2025-03-30T08:10:33Z;2,024;15,48;160;0,004
2025-03-30T08:10:34Z;2,027;15,48;161;0,003
2025-03-30T08:10:35Z;2,031;15,84;159;0,004
2025-03-30T08:10:36Z;2,033;13,32;159;0,002
2025-03-30T08:10:37Z;2,035;11,16;159;0,002
2025-03-30T08:10:38Z;2,038;10,08;161;0,003
2025-03-30T08:10:39Z;2,04;9;161;0,002
2025-03-30T08:10:40Z;2,042;7,92;163;0,002
2025-03-30T08:10:41Z;2,045;8,28;164;0,003
2025-03-30T08:10:42Z;2,047;8,64;165;0,002
2025-03-30T08:10:43Z;2,05;9;165;0,003
2025-03-30T08:10:44Z;2,053;9,36;164;0,003
2025-03-30T08:10:45Z;2,056;10,08;162;0,003
2025-03-30T08:10:46Z;2,058;10,08;162;0,002
2025-03-30T08:10:47Z;2,061;10,08;161;0,003
2025-03-30T08:10:48Z;2,064;10,08;162;0,003
2025-03-30T08:10:49Z;2,067;10,44;161;0,003
2025-03-30T08:10:50Z;2,071;10,8;160;0,004
2025-03-30T08:10:51Z;2,074;11,16;160;0,003
2025-03-30T08:10:52Z;2,076;10,8;159;0,002
2025-03-30T08:10:53Z;2,079;10,8;160;0,003
2025-03-30T08:10:54Z;2,081;10,08;160;0,002
2025-03-30T08:10:55Z;2,084;9,36;160;0,003
2025-03-30T08:10:56Z;2,086;8,64;159;0,002
2025-03-30T08:10:57Z;2,089;8,64;159;0,003
2025-03-30T08:10:58Z;2,091;9;158;0,002
2025-03-30T08:10:59Z;2,094;9;158;0,003
2025-03-30T08:11:00Z;2,096;9,36;157;0,002
2025-03-30T08:11:01Z;2,099;9,36;156;0,003
2025-03-30T08:11:02Z;2,102;9,36;156;0,003
2025-03-30T08:11:03Z;2,104;9,72;156;0,002
2025-03-30T08:11:04Z;2,107;9,72;157;0,003
2025-03-30T08:11:05Z;2,11;9,72;156;0,003
2025-03-30T08:11:06Z;2,113;10,08;156;0,003
2025-03-30T08:11:07Z;2,115;10,08;154;0,002
2025-03-30T08:11:08Z;2,118;10,08;155;0,003
2025-03-30T08:11:09Z;2,121;10,08;158;0,003
2025-03-30T08:11:10Z;2,124;10,08;159;0,003
2025-03-30T08:11:11Z;2,127;10,08;159;0,003
2025-03-30T08:11:12Z;2,129;10,08;159;0,002
2025-03-30T08:11:13Z;2,132;10,08;158;0,003
2025-03-30T08:11:14Z;2,135;10,08;156;0,003
2025-03-30T08:11:15Z;2,138;10,08;157;0,003
2025-03-30T08:11:16Z;2,14;10,08;156;0,002
2025-03-30T08:11:17Z;2,143;10,08;156;0,003
2025-03-30T08:11:18Z;2,146;10,08;155;0,003
2025-03-30T08:11:19Z;2,149;10,08;156;0,003
2025-03-30T08:11:20Z;2,152;10,44;157;0,003
2025-03-30T08:11:21Z;2,155;10,8;156;0,003
2025-03-30T08:11:22Z;2,158;10,44;154;0,003
2025-03-30T08:11:23Z;2,16;10,08;154;0,002
2025-03-30T08:11:24Z;2,163;10,08;154;0,003
2025-03-30T08:11:25Z;2,165;9,72;155;0,002
2025-03-30T08:11:26Z;2,168;9,36;157;0,003
2025-03-30T08:11:27Z;2,172;10,08;159;0,004
2025-03-30T08:11:28Z;2,175;10,8;159;0,003
2025-03-30T08:11:29Z;2,179;11,52;159;0,004
2025-03-30T08:11:30Z;2,181;11,52;158;0,002
2025-03-30T08:11:31Z;2,183;11,16;158;0,002
2025-03-30T08:11:32Z;2,186;10,08;157;0,003
2025-03-30T08:11:33Z;2,188;9;154;0,002
2025-03-30T08:11:34Z;2,19;7,92;153;0,002
2025-03-30T08:11:35Z;2,192;8,28;153;0,002
2025-03-30T08:11:36Z;2,195;8,28;154;0,003
2025-03-30T08:11:37Z;2,197;8,64;153;0,002
2025-03-30T08:11:38Z;2,2;8,64;152;0,003
2025-03-30T08:11:39Z;2,203;9;153;0,003
2025-03-30T08:11:40Z;2,205;9;154;0,002
2025-03-30T08:11:41Z;2,208;9,36;154;0,003
2025-03-30T08:11:42Z;2,212;10,08;153;0,004
2025-03-30T08:11:43Z;2,215;10,8;154;0,003
2025-03-30T08:11:44Z;2,218;11,16;154;0,003
2025-03-30T08:11:45Z;2,221;11,52;155;0,003
2025-03-30T08:11:46Z;2,224;11,52;156;0,003
2025-03-30T08:11:47Z;2,227;11,16;157;0,003
2025-03-30T08:11:48Z;2,23;10,8;156;0,003
2025-03-30T08:11:49Z;2,232;10,08;155;0,002
2025-03-30T08:11:50Z;2,234;9,72;155;0,002
2025-03-30T08:11:51Z;2,237;9;156;0,003
2025-03-30T08:11:52Z;2,239;8,64;155;0,002
2025-03-30T08:11:53Z;2,241;7,92;155;0,002
2025-03-30T08:11:54Z;2,243;7,92;156;0,002
2025-03-30T08:11:55Z;2,246;8,28;154;0,003
2025-03-30T08:11:56Z;2,248;8,28;155;0,002
2025-03-30T08:11:57Z;2,251;8,64;157;0,003
2025-03-30T08:11:58Z;2,253;8,64;156;0,002
2025-03-30T08:11:59Z;2,256;9,36;155;0,003
2025-03-30T08:12:00Z;2,26;10,08;155;0,004
2025-03-30T08:12:01Z;2,263;10,8;155;0,003
2025-03-30T08:12:02Z;2,265;10,8;156;0,002
2025-03-30T08:12:03Z;2,268;10,8;157;0,003
2025-03-30T08:12:04Z;2,27;10,08;158;0,002
2025-03-30T08:12:05Z;2,273;9,36;156;0,003
2025-03-30T08:12:06Z;2,275;8,64;155;0,002
2025-03-30T08:12:07Z;2,278;9;156;0,003
2025-03-30T08:12:08Z;2,281;9,36;156;0,003
2025-03-30T08:12:09Z;2,284;10,08;158;0,003
2025-03-30T08:12:10Z;2,287;10,44;156;0,003
2025-03-30T08:12:11Z;2,29;10,8;158;0,003
2025-03-30T08:12:12Z;2,293;10,8;157;0,003
2025-03-30T08:12:13Z;2,296;10,8;157;0,003
2025-03-30T08:12:14Z;2,299;10,8;158;0,003
2025-03-30T08:12:15Z;2,302;10,8;159;0,003
2025-03-30T08:12:16Z;2,305;10,8;160;0,003
2025-03-30T08:12:17Z;2,308;10,8;161;0,003
2025-03-30T08:12:18Z;2,311;10,8;161;0,003
2025-03-30T08:12:19Z;2,314;10,8;161;0,003
2025-03-30T08:12:20Z;2,317;10,44;160;0,003
2025-03-30T08:12:21Z;2,319;10,08;158;0,002
2025-03-30T08:12:22Z;2,322;10,08;157;0,003
2025-03-30T08:12:23Z;2,325;10,44;158;0,003
2025-03-30T08:12:24Z;2,329;10,8;160;0,004
2025-03-30T08:12:25Z;2,332;11,16;161;0,003
2025-03-30T08:12:26Z;2,334;10,8;160;0,002
2025-03-30T08:12:27Z;2,336;10,08;160;0,002
2025-03-30T08:12:28Z;2,338;9;161;0,002
2025-03-30T08:12:29Z;2,34;8,28;162;0,002
2025-03-30T08:12:30Z;2,342;7,2;161;0,002
2025-03-30T08:12:31Z;2,344;7,2;161;0,002
2025-03-30T08:12:32Z;2,347;7,92;159;0,003
2025-03-30T08:12:33Z;2,35;9;159;0,003
2025-03-30T08:12:34Z;2,354;10,08;160;0,004
2025-03-30T08:12:35Z;2,357;10,8;161;0,003
2025-03-30T08:12:36Z;2,36;11,52;162;0,003
2025-03-30T08:12:37Z;2,362;10,8;162;0,002
2025-03-30T08:12:38Z;2,365;10,8;162;0,003
2025-03-30T08:12:39Z;2,368;10,08;164;0,003
2025-03-30T08:12:40Z;2,37;9,72;163;0,002
2025-03-30T08:12:41Z;2,373;9,36;163;0,003
2025-03-30T08:12:42Z;2,375;9;162;0,002
2025-03-30T08:12:43Z;2,378;9;163;0,003
2025-03-30T08:12:44Z;2,38;8,64;164;0,002
2025-03-30T08:12:45Z;2,383;9;164;0,003
2025-03-30T08:12:46Z;2,385;9;164;0,002
2025-03-30T08:12:47Z;2,388;9,36;165;0,003
2025-03-30T08:12:48Z;2,391;9,72;166;0,003
2025-03-30T08:12:49Z;2,394;10,08;166;0,003
2025-03-30T08:12:50Z;2,397;10,08;165;0,003
2025-03-30T08:12:51Z;2,4;10,44;164;0,003
2025-03-30T08:12:52Z;2,403;10,8;163;0,003
2025-03-30T08:12:53Z;2,407;11,52;162;0,004
2025-03-30T08:12:54Z;2,411;12,24;163;0,004
2025-03-30T08:12:55Z;2,415;12,96;164;0,004
2025-03-30T08:12:56Z;2,418;12,96;164;0,003
2025-03-30T08:12:57Z;2,421;12,6;165;0,003
2025-03-30T08:12:58Z;2,423;11,52;165;0,002
2025-03-30T08:12:59Z;2,426;10,8;166;0,003
2025-03-30T08:13:00Z;2,428;9,36;165;0,002
2025-03-30T08:13:01Z;2,43;9;166;0,002
2025-03-30T08:13:02Z;2,433;8,64;165;0,003
2025-03-30T08:13:03Z;2,435;8,28;165;0,002
2025-03-30T08:13:04Z;2,437;7,92;164;0,002
2025-03-30T08:13:05Z;2,44;8,28;164;0,003
2025-03-30T08:13:06Z;2,442;8,64;164;0,002
2025-03-30T08:13:07Z;2,445;9;165;0,003
2025-03-30T08:13:08Z;2,448;9,36;165;0,003
2025-03-30T08:13:09Z;2,452;10,44;164;0,004
2025-03-30T08:13:10Z;2,455;11,16;164;0,003
2025-03-30T08:13:11Z;2,459;11,88;164;0,004
2025-03-30T08:13:12Z;2,462;11,88;164;0,003
2025-03-30T08:13:13Z;2,465;11,88;163;0,003
2025-03-30T08:13:14Z;2,467;11,16;165;0,002
2025-03-30T08:13:15Z;2,47;10,44;165;0,003
2025-03-30T08:13:16Z;2,473;10,08;166;0,003
2025-03-30T08:13:17Z;2,475;10,08;164;0,002
2025-03-30T08:13:18Z;2,478;10,08;164;0,003
2025-03-30T08:13:19Z;2,481;10,08;164;0,003
2025-03-30T08:13:20Z;2,484;10,08;164;0,003
2025-03-30T08:13:21Z;2,487;10,08;162;0,003
2025-03-30T08:13:22Z;2,49;10,44;162;0,003
2025-03-30T08:13:23Z;2,493;10,8;161;0,003
2025-03-30T08:13:24Z;2,496;10,8;160;0,003
2025-03-30T08:13:25Z;2,498;10,44;160;0,002
2025-03-30T08:13:26Z;2,501;10,08;160;0,003
2025-03-30T08:13:27Z;2,504;10,08;160;0,003
2025-03-30T08:13:28Z;2,506;9,36;160;0,002
2025-03-30T08:13:29Z;2,508;9;160;0,002
2025-03-30T08:13:30Z;2,511;8,64;160;0,003
2025-03-30T08:13:31Z;2,513;8,28;160;0,002
2025-03-30T08:13:32Z;2,515;7,92;159;0,002
2025-03-30T08:13:33Z;2,518;8,64;157;0,003
2025-03-30T08:13:34Z;2,521;9;157;0,003
2025-03-30T08:13:35Z;2,524;9,72;158;0,003
2025-03-30T08:13:36Z;2,527;10,08;158;0,003
2025-03-30T08:13:37Z;2,53;10,8;160;0,003
2025-03-30T08:13:38Z;2,533;10,44;162;0,003
2025-03-30T08:13:39Z;2,535;10,08;163;0,002
2025-03-30T08:13:40Z;2,538;10,08;162;0,003
2025-03-30T08:13:41Z;2,541;10,08;162;0,003
2025-03-30T08:13:42Z;2,543;10,08;160;0,002
2025-03-30T08:13:43Z;2,546;10,08;162;0,003
2025-03-30T08:13:44Z;2,549;10,08;162;0,003
2025-03-30T08:13:45Z;2,551;9,72;162;0,002
2025-03-30T08:13:46Z;2,554;9,36;162;0,003
2025-03-30T08:13:47Z;2,557;9,36;161;0,003
2025-03-30T08:13:48Z;2,559;9,36;160;0,002
2025-03-30T08:13:49Z;2,562;9,36;160;0,003
2025-03-30T08:13:50Z;2,564;9,36;161;0,002
2025-03-30T08:13:51Z;2,567;9,36;163;0,003
2025-03-30T08:13:52Z;2,57;9,72;163;0,003
2025-03-30T08:13:53Z;2,572;9,72;161;0,002
2025-03-30T08:13:54Z;2,575;9,36;162;0,003
2025-03-30T08:13:55Z;2,578;9,36;162;0,003
2025-03-30T08:13:56Z;2,58;9,36;161;0,002
2025-03-30T08:13:57Z;2,583;9;164;0,003
2025-03-30T08:13:58Z;2,585;9;165;0,002
2025-03-30T08:13:59Z;2,587;9;166;0,002
2025-03-30T08:14:00Z;2,59;9;168;0,003
2025-03-30T08:14:01Z;2,592;9;168;0,002
2025-03-30T08:14:02Z;2,595;9;170;0,003
2025-03-30T08:14:03Z;2,598;9;170;0,003
2025-03-30T08:14:04Z;2,6;9;170;0,002
2025-03-30T08:14:05Z;2,603;9,36;170;0,003
2025-03-30T08:14:06Z;2,606;9,36;171;0,003
2025-03-30T08:14:07Z;2,608;9,36;172;0,002
2025-03-30T08:14:08Z;2,611;9,72;172;0,003
2025-03-30T08:14:09Z;2,614;9,72;172;0,003
2025-03-30T08:14:10Z;2,616;9,36;172;0,002
2025-03-30T08:14:11Z;2,619;9,36;173;0,003
2025-03-30T08:14:12Z;2,621;9,36;173;0,002
2025-03-30T08:14:13Z;2,623;9;172;0,002
2025-03-30T08:14:14Z;2,626;9;173;0,003
2025-03-30T08:14:15Z;2,628;9;172;0,002
2025-03-30T08:14:16Z;2,631;9;171;0,003
2025-03-30T08:14:17Z;2,635;9,72;173;0,004
2025-03-30T08:14:18Z;2,638;10,8;174;0,003
2025-03-30T08:14:19Z;2,642;11,52;173;0,004
2025-03-30T08:14:20Z;2,645;11,52;171;0,003
2025-03-30T08:14:21Z;2,647;11,88;172;0,002
2025-03-30T08:14:22Z;2,65;11,16;171;0,003
2025-03-30T08:14:23Z;2,653;10,44;170;0,003
2025-03-30T08:14:24Z;2,655;9,72;170;0,002
2025-03-30T08:14:25Z;2,658;9,36;170;0,003
2025-03-30T08:14:26Z;2,66;9;167;0,002
2025-03-30T08:14:27Z;2,663;9;166;0,003
2025-03-30T08:14:28Z;2,665;8,64;166;0,002
2025-03-30T08:14:29Z;2,669;9,72;165;0,004
2025-03-30T08:14:30Z;2,672;10,44;165;0,003
2025-03-30T08:14:31Z;2,676;11,52;165;0,004
2025-03-30T08:14:32Z;2,678;11,52;164;0,002
2025-03-30T08:14:33Z;2,681;11,52;163;0,003
2025-03-30T08:14:34Z;2,683;10,44;162;0,002
2025-03-30T08:14:35Z;2,686;9,72;162;0,003
2025-03-30T08:14:36Z;2,688;8,64;161;0,002
2025-03-30T08:14:37Z;2,693;10,8;161;0,005
2025-03-30T08:14:38Z;2,699;12,96;163;0,006
2025-03-30T08:14:39Z;2,701;12,96;165;0,002
2025-03-30T08:14:40Z;2,703;12,6;164;0,002
2025-03-30T08:14:41Z;2,705;12,6;162;0,002
2025-03-30T08:14:42Z;2,708;10,08;162;0,003
2025-03-30T08:14:43Z;2,71;7,92;161;0,002
2025-03-30T08:14:44Z;2,712;7,92;161;0,002
2025-03-30T08:14:45Z;2,715;8,28;163;0,003
2025-03-30T08:14:46Z;2,718;9;164;0,003
2025-03-30T08:14:47Z;2,721;9,72;165;0,003
2025-03-30T08:14:48Z;2,724;10,08;165;0,003
2025-03-30T08:14:49Z;2,726;10,44;165;0,002
2025-03-30T08:14:50Z;2,729;10,08;165;0,003
2025-03-30T08:14:51Z;2,731;9,36;166;0,002
2025-03-30T08:14:52Z;2,734;9;166;0,003
2025-03-30T08:14:53Z;2,736;8,64;166;0,002
2025-03-30T08:14:54Z;2,739;9;167;0,003
2025-03-30T08:14:55Z;2,742;9,36;168;0,003
2025-03-30T08:14:56Z;2,745;10,08;169;0,003
2025-03-30T08:14:57Z;2,748;10,44;169;0,003
2025-03-30T08:14:58Z;2,75;10,08;169;0,002
2025-03-30T08:14:59Z;2,752;9,36;170;0,002
2025-03-30T08:15:00Z;2,754;8,64;171;0,002
2025-03-30T08:15:01Z;2,756;7,92;172;0,002
2025-03-30T08:15:02Z;2,758;7,2;172;0,002
2025-03-30T08:15:03Z;2,761;7,92;172;0,003
2025-03-30T08:15:04Z;2,764;8,64;171;0,003
2025-03-30T08:15:05Z;2,767;9,36;171;0,003
2025-03-30T08:15:06Z;2,77;10,08;171;0,003
2025-03-30T08:15:07Z;2,772;10,44;171;0,002
2025-03-30T08:15:08Z;2,775;10,08;171;0,003
2025-03-30T08:15:09Z;2,777;9,72;172;0,002
2025-03-30T08:15:10Z;2,78;9,36;172;0,003
2025-03-30T08:15:11Z;2,783;9;171;0,003
2025-03-30T08:15:12Z;2,785;9;171;0,002
2025-03-30T08:15:13Z;2,788;9,36;171;0,003
2025-03-30T08:15:14Z;2,79;9,36;171;0,002
2025-03-30T08:15:15Z;2,793;9,36;170;0,003
2025-03-30T08:15:16Z;2,796;9,72;169;0,003
2025-03-30T08:15:17Z;2,799;10,08;168;0,003
2025-03-30T08:15:18Z;2,802;10,08;168;0,003
2025-03-30T08:15:19Z;2,805;10,44;171;0,003
2025-03-30T08:15:20Z;2,807;10,08;170;0,002
2025-03-30T08:15:21Z;2,809;9,72;168;0,002
2025-03-30T08:15:22Z;2,812;9;167;0,003
2025-03-30T08:15:23Z;2,814;8,64;167;0,002
2025-03-30T08:15:24Z;2,816;7,92;165;0,002
2025-03-30T08:15:25Z;2,819;8,28;163;0,003
2025-03-30T08:15:26Z;2,821;8,64;162;0,002
2025-03-30T08:15:27Z;2,824;9;161;0,003
2025-03-30T08:15:28Z;2,827;9,36;162;0,003
2025-03-30T08:15:29Z;2,831;10,44;160;0,004
2025-03-30T08:15:30Z;2,834;11,16;160;0,003
2025-03-30T08:15:31Z;2,838;11,88;158;0,004
2025-03-30T08:15:32Z;2,84;11,52;158;0,002
2025-03-30T08:15:33Z;2,842;10,8;158;0,002
2025-03-30T08:15:34Z;2,844;9,72;159;0,002
2025-03-30T08:15:35Z;2,846;8,28;159;0,002
2025-03-30T08:15:36Z;2,848;7,2;158;0,002
2025-03-30T08:15:37Z;2,851;7,92;159;0,003
2025-03-30T08:15:38Z;2,854;8,64;159;0,003
2025-03-30T08:15:39Z;2,857;9,36;160;0,003
2025-03-30T08:15:40Z;2,86;10,08;161;0,003
2025-03-30T08:15:41Z;2,863;10,8;162;0,003
2025-03-30T08:15:42Z;2,865;10,44;161;0,002
2025-03-30T08:15:43Z;2,868;10,08;161;0,003
2025-03-30T08:15:44Z;2,871;10,08;160;0,003
2025-03-30T08:15:45Z;2,874;10,08;160;0,003
2025-03-30T08:15:46Z;2,877;10,08;162;0,003
2025-03-30T08:15:47Z;2,88;10,44;164;0,003
2025-03-30T08:15:48Z;2,883;10,8;164;0,003
2025-03-30T08:15:49Z;2,886;10,8;165;0,003
2025-03-30T08:15:50Z;2,889;10,44;166;0,003
2025-03-30T08:15:51Z;2,891;10,08;167;0,002
2025-03-30T08:15:52Z;2,894;10,08;168;0,003
2025-03-30T08:15:53Z;2,897;10,08;167;0,003
2025-03-30T08:15:54Z;2,9;10,08;166;0,003
2025-03-30T08:15:55Z;2,902;10,08;166;0,002
2025-03-30T08:15:56Z;2,905;10,08;167;0,003
2025-03-30T08:15:57Z;2,908;10,08;167;0,003
2025-03-30T08:15:58Z;2,911;10,08;166;0,003
2025-03-30T08:15:59Z;2,914;10,44;166;0,003
2025-03-30T08:16:00Z;2,917;10,8;165;0,003
2025-03-30T08:16:01Z;2,919;10,08;165;0,002
2025-03-30T08:16:02Z;2,921;9,72;163;0,002
2025-03-30T08:16:03Z;2,924;9;164;0,003
2025-03-30T08:16:04Z;2,926;8,64;165;0,002
2025-03-30T08:16:05Z;2,928;7,92;165;0,002
2025-03-30T08:16:06Z;2,932;9;165;0,004
2025-03-30T08:16:07Z;2,935;10,08;164;0,003
2025-03-30T08:16:08Z;2,939;11,16;165;0,004
2025-03-30T08:16:09Z;2,942;11,16;165;0,003
2025-03-30T08:16:10Z;2,944;11,52;166;0,002
2025-03-30T08:16:11Z;2,946;10,8;166;0,002
2025-03-30T08:16:12Z;2,949;9,72;168;0,003
2025-03-30T08:16:13Z;2,952;9;169;0,003
2025-03-30T08:16:14Z;2,954;9;170;0,002
2025-03-30T08:16:15Z;2,957;9,36;171;0,003
2025-03-30T08:16:16Z;2,959;9,36;170;0,002
2025-03-30T08:16:17Z;2,962;9,36;170;0,003
2025-03-30T08:16:18Z;2,964;9;170;0,002
2025-03-30T08:16:19Z;2,966;8,64;170;0,002
2025-03-30T08:16:20Z;2,969;8,64;169;0,003
2025-03-30T08:16:21Z;2,971;8,28;170;0,002
2025-03-30T08:16:22Z;2,973;7,92;168;0,002
2025-03-30T08:16:23Z;2,976;8,28;167;0,003
2025-03-30T08:16:24Z;2,978;8,64;166;0,002
2025-03-30T08:16:25Z;2,981;9;165;0,003
2025-03-30T08:16:26Z;2,984;9,36;165;0,003
2025-03-30T08:16:27Z;2,988;10,44;164;0,004
2025-03-30T08:16:28Z;2,991;11,16;164;0,003
2025-03-30T08:16:29Z;2,995;11,88;164;0,004
2025-03-30T08:16:30Z;2,997;11,52;161;0,002
2025-03-30T08:16:31Z;2,999;10,8;162;0,002
2025-03-30T08:16:32Z;3,001;9,72;163;0,002
2025-03-30T08:16:33Z;3,003;8,28;163;0,002
2025-03-30T08:16:34Z;3,005;7,2;162;0,002
2025-03-30T08:16:35Z;3,008;7,92;162;0,003
2025-03-30T08:16:36Z;3,01;8,28;163;0,002
2025-03-30T08:16:37Z;3,013;8,64;163;0,003
2025-03-30T08:16:38Z;3,016;9,36;163;0,003
2025-03-30T08:16:39Z;3,019;10,08;161;0,003
2025-03-30T08:16:40Z;3,022;10,08;162;0,003
2025-03-30T08:16:41Z;3,024;10,08;163;0,002
2025-03-30T08:16:42Z;3,027;10,08;164;0,003
2025-03-30T08:16:43Z;3,03;10,08;161;0,003
2025-03-30T08:16:44Z;3,033;10,08;161;0,003
2025-03-30T08:16:45Z;3,036;10,44;161;0,003
2025-03-30T08:16:46Z;3,039;10,8;161;0,003
2025-03-30T08:16:47Z;3,042;10,8;163;0,003
2025-03-30T08:16:48Z;3,045;10,44;163;0,003
2025-03-30T08:16:49Z;3,047;10,08;162;0,002
2025-03-30T08:16:50Z;3,05;10,08;162;0,003
2025-03-30T08:16:51Z;3,053;10,08;161;0,003
2025-03-30T08:16:52Z;3,055;10,08;161;0,002
2025-03-30T08:16:53Z;3,058;10,08;161;0,003
2025-03-30T08:16:54Z;3,061;10,08;160;0,003
2025-03-30T08:16:55Z;3,064;10,44;159;0,003
2025-03-30T08:16:56Z;3,068;10,8;159;0,004
2025-03-30T08:16:57Z;3,071;11,16;158;0,003
2025-03-30T08:16:58Z;3,073;10,8;158;0,002
2025-03-30T08:16:59Z;3,075;10,44;160;0,002
2025-03-30T08:17:00Z;3,078;9,72;161;0,003
2025-03-30T08:17:01Z;3,08;8,64;163;0,002
2025-03-30T08:17:02Z;3,082;7,92;164;0,002
2025-03-30T08:17:03Z;3,085;8,28;164;0,003
2025-03-30T08:17:04Z;3,087;8,64;164;0,002
2025-03-30T08:17:05Z;3,09;9;165;0,003
2025-03-30T08:17:06Z;3,093;9,36;167;0,003
2025-03-30T08:17:07Z;3,095;9,36;166;0,002
2025-03-30T08:17:08Z;3,097;8,64;165;0,002
2025-03-30T08:17:09Z;3,099;8,28;164;0,002
2025-03-30T08:17:10Z;3,101;7,92;166;0,002
2025-03-30T08:17:11Z;3,103;7,2;168;0,002
2025-03-30T08:17:12Z;3,105;7,2;167;0,002
2025-03-30T08:17:13Z;3,108;7,92;166;0,003
2025-03-30T08:17:14Z;3,111;8,64;167;0,003
2025-03-30T08:17:15Z;3,114;9,36;168;0,003
2025-03-30T08:17:16Z;3,117;10,08;169;0,003
2025-03-30T08:17:17Z;3,12;10,8;170;0,003
2025-03-30T08:17:18Z;3,123;10,8;171;0,003
2025-03-30T08:17:19Z;3,126;10,8;169;0,003
2025-03-30T08:17:20Z;3,129;10,8;169;0,003
2025-03-30T08:17:21Z;3,132;10,8;166;0,003
2025-03-30T08:17:22Z;3,135;10,8;167;0,003
2025-03-30T08:17:23Z;3,138;10,8;167;0,003
2025-03-30T08:17:24Z;3,141;10,8;168;0,003
2025-03-30T08:17:25Z;3,145;11,52;167;0,004
2025-03-30T08:17:26Z;3,149;12,24;167;0,004
2025-03-30T08:17:27Z;3,153;12,96;166;0,004
2025-03-30T08:17:28Z;3,156;12,96;166;0,003
2025-03-30T08:17:29Z;3,159;12,6;165;0,003
2025-03-30T08:17:30Z;3,161;11,52;166;0,002
2025-03-30T08:17:31Z;3,164;10,8;167;0,003
2025-03-30T08:17:32Z;3,166;9,36;167;0,002
2025-03-30T08:17:33Z;3,168;8,64;166;0,002
2025-03-30T08:17:34Z;3,17;8,28;166;0,002
2025-03-30T08:17:35Z;3,172;7,92;167;0,002
2025-03-30T08:17:36Z;3,174;7,2;166;0,002
2025-03-30T08:17:37Z;3,177;7,92;166;0,003
2025-03-30T08:17:38Z;3,18;8,64;166;0,003
2025-03-30T08:17:39Z;3,183;9,36;165;0,003
2025-03-30T08:17:40Z;3,186;10,08;165;0,003
2025-03-30T08:17:41Z;3,189;10,8;165;0,003
2025-03-30T08:17:42Z;3,192;10,8;167;0,003
2025-03-30T08:17:43Z;3,195;10,8;166;0,003
2025-03-30T08:17:44Z;3,198;10,8;167;0,003
2025-03-30T08:17:45Z;3,201;10,8;166;0,003
2025-03-30T08:17:46Z;3,204;10,8;166;0,003
2025-03-30T08:17:47Z;3,207;10,8;166;0,003
2025-03-30T08:17:48Z;3,21;10,8;165;0,003
2025-03-30T08:17:49Z;3,212;10,44;165;0,002
2025-03-30T08:17:50Z;3,215;10,08;164;0,003
2025-03-30T08:17:51Z;3,217;9,72;164;0,002
2025-03-30T08:17:52Z;3,22;9,36;163;0,003
2025-03-30T08:17:53Z;3,223;9,36;164;0,003
2025-03-30T08:17:54Z;3,226;9,72;162;0,003
2025-03-30T08:17:55Z;3,229;10,08;164;0,003
2025-03-30T08:17:56Z;3,232;10,44;165;0,003
2025-03-30T08:17:57Z;3,234;10,08;165;0,002
2025-03-30T08:17:58Z;3,236;9,36;167;0,002
2025-03-30T08:17:59Z;3,238;8,64;167;0,002
2025-03-30T08:18:00Z;3,24;7,92;168;0,002
2025-03-30T08:18:01Z;3,242;7,2;166;0,002
2025-03-30T08:18:02Z;3,244;7,2;166;0,002
2025-03-30T08:18:03Z;3,246;7,56;166;0,002
2025-03-30T08:18:04Z;3,249;7,92;166;0,003
2025-03-30T08:18:05Z;3,251;7,92;165;0,002
2025-03-30T08:18:06Z;3,254;8,28;165;0,003
2025-03-30T08:18:07Z;3,256;8,64;164;0,002
2025-03-30T08:18:08Z;3,259;8,64;164;0,003
2025-03-30T08:18:09Z;3,261;8,64;162;0,002
2025-03-30T08:18:10Z;3,264;9;164;0,003
2025-03-30T08:18:11Z;3,266;9;164;0,002
2025-03-30T08:18:12Z;3,269;9,36;164;0,003
2025-03-30T08:18:13Z;3,272;9,36;164;0,003
2025-03-30T08:18:14Z;3,274;9,36;161;0,002
2025-03-30T08:18:15Z;3,277;9,72;162;0,003
2025-03-30T08:18:16Z;3,279;9,36;162;0,002
2025-03-30T08:18:17Z;3,282;9,36;160;0,003
2025-03-30T08:18:18Z;3,285;9,72;158;0,003
2025-03-30T08:18:19Z;3,288;10,08;158;0,003
2025-03-30T08:18:20Z;3,291;10,08;157;0,003
2025-03-30T08:18:21Z;3,294;10,8;157;0,003
2025-03-30T08:18:22Z;3,297;10,8;158;0,003
2025-03-30T08:18:23Z;3,299;10,08;159;0,002
2025-03-30T08:18:24Z;3,302;10,08;158;0,003
2025-03-30T08:18:25Z;3,305;10,08;157;0,003
2025-03-30T08:18:26Z;3,307;9,36;154;0,002
2025-03-30T08:18:27Z;3,31;9,36;154;0,003
2025-03-30T08:18:28Z;3,312;9,36;153;0,002
2025-03-30T08:18:29Z;3,315;9,36;153;0,003
2025-03-30T08:18:30Z;3,317;8,64;153;0,002
2025-03-30T08:18:31Z;3,32;9,36;151;0,003
2025-03-30T08:18:32Z;3,322;8,64;153;0,002
2025-03-30T08:18:33Z;3,325;9,36;153;0,003
2025-03-30T08:18:34Z;3,327;8,64;155;0,002
2025-03-30T08:18:35Z;3,332;10,8;152;0,005
2025-03-30T08:18:36Z;3,334;10,08;151;0,002
2025-03-30T08:18:37Z;3,337;10,8;151;0,003
2025-03-30T08:18:38Z;3,34;10,44;150;0,003
2025-03-30T08:18:39Z;3,342;10,8;151;0,002
2025-03-30T08:18:40Z;3,345;9,36;153;0,003
2025-03-30T08:18:41Z;3,348;10,08;153;0,003
2025-03-30T08:18:42Z;3,351;10,08;153;0,003
2025-03-30T08:18:43Z;3,354;10,44;153;0,003
2025-03-30T08:18:44Z;3,356;10,08;153;0,002
2025-03-30T08:18:45Z;3,358;9,36;153;0,002
2025-03-30T08:18:46Z;3,36;8,64;152;0,002
2025-03-30T08:18:47Z;3,362;7,92;153;0,002
2025-03-30T08:18:48Z;3,364;7,2;153;0,002
2025-03-30T08:18:49Z;3,367;7,92;152;0,003
2025-03-30T08:18:50Z;3,37;8,64;150;0,003
2025-03-30T08:18:51Z;3,373;9,36;150;0,003
2025-03-30T08:18:52Z;3,376;10,08;151;0,003
2025-03-30T08:18:53Z;3,378;10,08;151;0,002
2025-03-30T08:18:54Z;3,38;9,36;151;0,002
2025-03-30T08:18:55Z;3,382;8,64;153;0,002
2025-03-30T08:18:56Z;3,384;7,92;154;0,002
2025-03-30T08:18:57Z;3,389;9,36;156;0,005
2025-03-30T08:18:58Z;3,389;7,92;158;0
2025-03-30T08:18:59Z;3,392;8,64;160;0,003
2025-03-30T08:19:00Z;3,395;9,36;162;0,003
2025-03-30T08:19:01Z;3,4;11,52;163;0,005
2025-03-30T08:19:02Z;3,402;9,36;164;0,002
2025-03-30T08:19:03Z;3,405;11,52;165;0,003
2025-03-30T08:19:04Z;3,408;11,52;165;0,003
2025-03-30T08:19:05Z;3,408;9,36;164;0
2025-03-30T08:19:06Z;3,41;7,2;165;0,002
2025-03-30T08:19:07Z;3,416;10,08;165;0,006
2025-03-30T08:19:08Z;3,418;9,36;165;0,002
2025-03-30T08:19:09Z;3,421;9,36;166;0,003
2025-03-30T08:19:10Z;3,421;9,36;167;0
2025-03-30T08:19:11Z;3,424;10,08;168;0,003
2025-03-30T08:19:12Z;3,426;7,2;168;0,002
2025-03-30T08:19:13Z;3,429;7,92;167;0,003
2025-03-30T08:19:14Z;3,432;7,92;166;0,003
2025-03-30T08:19:15Z;3,435;10,08;165;0,003
2025-03-30T08:19:16Z;3,438;10,08;164;0,003
2025-03-30T08:19:17Z;3,441;10,8;164;0,003
2025-03-30T08:19:18Z;3,443;10,44;164;0,002
2025-03-30T08:19:19Z;3,446;10,08;163;0,003
2025-03-30T08:19:20Z;3,449;9,72;164;0,003
2025-03-30T08:19:21Z;3,451;9,36;164;0,002
2025-03-30T08:19:22Z;3,454;9,72;164;0,003
2025-03-30T08:19:23Z;3,458;10,08;163;0,004
2025-03-30T08:19:24Z;3,461;10,8;161;0,003
2025-03-30T08:19:25Z;3,463;10,44;160;0,002
2025-03-30T08:19:26Z;3,465;10,44;158;0,002
2025-03-30T08:19:27Z;3,468;9,72;157;0,003
2025-03-30T08:19:28Z;3,47;8,64;157;0,002
2025-03-30T08:19:29Z;3,472;7,92;157;0,002
2025-03-30T08:19:30Z;3,474;7,92;158;0,002
2025-03-30T08:19:31Z;3,476;7,92;158;0,002
2025-03-30T08:19:32Z;3,479;7,92;158;0,003
2025-03-30T08:19:33Z;3,481;7,92;157;0,002
2025-03-30T08:19:34Z;3,483;7,92;158;0,002
2025-03-30T08:19:35Z;3,489;10,8;159;0,006
2025-03-30T08:19:36Z;3,495;13,32;159;0,006
2025-03-30T08:19:37Z;3,498;13,68;162;0,003
2025-03-30T08:19:38Z;3,501;14,04;164;0,003
2025-03-30T08:19:39Z;3,503;14,4;165;0,002
2025-03-30T08:19:40Z;3,506;12,24;165;0,003
2025-03-30T08:19:41Z;3,508;9,72;167;0,002
2025-03-30T08:19:42Z;3,511;9,36;168;0,003
2025-03-30T08:19:43Z;3,513;9;169;0,002
2025-03-30T08:19:44Z;3,516;9;169;0,003
2025-03-30T08:19:45Z;3,518;8,64;170;0,002
2025-03-30T08:19:46Z;3,521;9;169;0,003
2025-03-30T08:19:47Z;3,524;9,36;169;0,003
2025-03-30T08:19:48Z;3,527;10,08;170;0,003
2025-03-30T08:19:49Z;3,53;10,44;171;0,003
2025-03-30T08:19:50Z;3,534;11,52;172;0,004
2025-03-30T08:19:51Z;3,538;12,24;171;0,004
2025-03-30T08:19:52Z;3,542;12,96;170;0,004
2025-03-30T08:19:53Z;3,545;12,96;169;0,003
2025-03-30T08:19:54Z;3,547;12,6;170;0,002
2025-03-30T08:19:55Z;3,55;11,52;170;0,003
2025-03-30T08:19:56Z;3,553;10,8;170;0,003
2025-03-30T08:19:57Z;3,555;9,72;171;0,002
2025-03-30T08:19:58Z;3,558;9,36;171;0,003
2025-03-30T08:19:59Z;3,56;9;171;0,002
2025-03-30T08:20:00Z;3,563;9;172;0,003
2025-03-30T08:20:01Z;3,565;8,64;171;0,002
2025-03-30T08:20:02Z;3,568;9;171;0,003
2025-03-30T08:20:03Z;3,571;9,36;173;0,003
2025-03-30T08:20:04Z;3,574;10,08;174;0,003
2025-03-30T08:20:05Z;3,577;10,44;175;0,003
2025-03-30T08:20:06Z;3,579;10,44;174;0,002
2025-03-30T08:20:07Z;3,582;10,08;174;0,003
2025-03-30T08:20:08Z;3,584;9,36;175;0,002
2025-03-30T08:20:09Z;3,587;9;174;0,003
2025-03-30T08:20:10Z;3,589;8,64;174;0,002
2025-03-30T08:20:11Z;3,593;9,72;174;0,004
2025-03-30T08:20:12Z;3,596;10,44;174;0,003
2025-03-30T08:20:13Z;3,6;11,52;174;0,004
2025-03-30T08:20:14Z;3,604;12,24;174;0,004
2025-03-30T08:20:15Z;3,607;13,32;173;0,003
2025-03-30T08:20:16Z;3,611;13,32;173;0,004
2025-03-30T08:20:17Z;3,614;12,6;172;0,003
2025-03-30T08:20:18Z;3,616;11,88;171;0,002
2025-03-30T08:20:19Z;3,619;11,16;171;0,003
2025-03-30T08:20:20Z;3,622;10,44;171;0,003
2025-03-30T08:20:21Z;3,624;9,72;169;0,002
2025-03-30T08:20:22Z;3,627;9,36;168;0,003
2025-03-30T08:20:23Z;3,629;9;168;0,002
2025-03-30T08:20:24Z;3,632;9;167;0,003
2025-03-30T08:20:25Z;3,634;8,64;166;0,002
2025-03-30T08:20:26Z;3,638;9,72;166;0,004
2025-03-30T08:20:27Z;3,641;10,44;167;0,003
2025-03-30T08:20:28Z;3,645;11,52;167;0,004
2025-03-30T08:20:29Z;3,647;11,16;168;0,002
2025-03-30T08:20:30Z;3,649;10,8;168;0,002
2025-03-30T08:20:31Z;3,651;9,72;168;0,002
2025-03-30T08:20:32Z;3,653;8,28;167;0,002
2025-03-30T08:20:33Z;3,655;7,2;167;0,002
2025-03-30T08:20:34Z;3,658;7,92;167;0,003
2025-03-30T08:20:35Z;3,66;8,28;169;0,002
2025-03-30T08:20:36Z;3,663;8,64;168;0,003
2025-03-30T08:20:37Z;3,666;9,36;168;0,003
2025-03-30T08:20:38Z;3,669;10,08;169;0,003
2025-03-30T08:20:39Z;3,671;10,08;170;0,002
2025-03-30T08:20:40Z;3,674;10,08;170;0,003
2025-03-30T08:20:41Z;3,677;10,08;170;0,003
2025-03-30T08:20:42Z;3,679;9,72;170;0,002
2025-03-30T08:20:43Z;3,682;9,36;170;0,003
2025-03-30T08:20:44Z;3,684;9,36;171;0,002
2025-03-30T08:20:45Z;3,687;9,36;171;0,003
2025-03-30T08:20:46Z;3,69;9,36;170;0,003
2025-03-30T08:20:47Z;3,692;9,36;170;0,002
2025-03-30T08:20:48Z;3,695;9,36;170;0,003
2025-03-30T08:20:49Z;3,698;9,72;171;0,003
2025-03-30T08:20:50Z;3,702;10,44;171;0,004
2025-03-30T08:20:51Z;3,705;11,16;171;0,003
2025-03-30T08:20:52Z;3,709;11,88;171;0,004
2025-03-30T08:20:53Z;3,712;11,88;172;0,003
2025-03-30T08:20:54Z;3,715;11,88;171;0,003
2025-03-30T08:20:55Z;3,717;11,16;171;0,002
2025-03-30T08:20:56Z;3,72;10,44;170;0,003
2025-03-30T08:20:57Z;3,722;9,36;170;0,002
2025-03-30T08:20:58Z;3,724;9;169;0,002
2025-03-30T08:20:59Z;3,727;8,64;169;0,003
2025-03-30T08:21:00Z;3,729;8,28;168;0,002
2025-03-30T08:21:01Z;3,731;7,92;168;0,002
2025-03-30T08:21:02Z;3,733;7,92;168;0,002
2025-03-30T08:21:03Z;3,736;8,28;168;0,003
2025-03-30T08:21:04Z;3,738;8,28;167;0,002
2025-03-30T08:21:05Z;3,741;8,64;166;0,003
2025-03-30T08:21:06Z;3,743;8,64;164;0,002
2025-03-30T08:21:07Z;3,748;10,8;166;0,005
2025-03-30T08:21:08Z;3,754;12,96;167;0,006
2025-03-30T08:21:09Z;3,757;13,32;168;0,003
2025-03-30T08:21:10Z;3,76;13,68;167;0,003
2025-03-30T08:21:11Z;3,762;13,68;167;0,002
2025-03-30T08:21:12Z;3,765;11,88;166;0,003
2025-03-30T08:21:13Z;3,767;9,36;168;0,002
2025-03-30T08:21:14Z;3,769;9;170;0,002
2025-03-30T08:21:15Z;3,772;8,64;171;0,003
2025-03-30T08:21:16Z;3,774;8,28;170;0,002
2025-03-30T08:21:17Z;3,776;7,92;169;0,002
2025-03-30T08:21:18Z;3,78;9;169;0,004
2025-03-30T08:21:19Z;3,783;10,08;168;0,003
2025-03-30T08:21:20Z;3,787;11,16;166;0,004
2025-03-30T08:21:21Z;3,789;11,16;167;0,002
2025-03-30T08:21:22Z;3,792;11,52;167;0,003
2025-03-30T08:21:23Z;3,794;10,44;168;0,002
2025-03-30T08:21:24Z;3,797;9,72;169;0,003
2025-03-30T08:21:25Z;3,799;8,64;170;0,002
2025-03-30T08:21:26Z;3,802;9;169;0,003
2025-03-30T08:21:27Z;3,804;9;169;0,002
2025-03-30T08:21:28Z;3,807;9,36;168;0,003
2025-03-30T08:21:29Z;3,81;9,72;168;0,003
2025-03-30T08:21:30Z;3,813;10,08;169;0,003
2025-03-30T08:21:31Z;3,816;10,08;167;0,003
2025-03-30T08:21:32Z;3,818;10,08;167;0,002
2025-03-30T08:21:33Z;3,821;10,08;167;0,003
2025-03-30T08:21:34Z;3,824;10,08;166;0,003
2025-03-30T08:21:35Z;3,826;10,08;165;0,002
2025-03-30T08:21:36Z;3,829;10,08;164;0,003
2025-03-30T08:21:37Z;3,832;10,08;162;0,003
2025-03-30T08:21:38Z;3,836;10,8;161;0,004
2025-03-30T08:21:39Z;3,84;11,52;160;0,004
2025-03-30T08:21:40Z;3,844;12,6;161;0,004
2025-03-30T08:21:41Z;3,847;12,6;162;0,003
2025-03-30T08:21:42Z;3,849;12,6;162;0,002
2025-03-30T08:21:43Z;3,852;11,52;162;0,003
2025-03-30T08:21:44Z;3,855;10,8;162;0,003
2025-03-30T08:21:45Z;3,858;10,08;161;0,003
2025-03-30T08:21:46Z;3,861;10,08;163;0,003
2025-03-30T08:21:47Z;3,863;10,08;162;0,002
2025-03-30T08:21:48Z;3,866;10,08;161;0,003
2025-03-30T08:21:49Z;3,869;10,08;160;0,003
2025-03-30T08:21:50Z;3,872;10,08;161;0,003
2025-03-30T08:21:51Z;3,874;10,08;162;0,002
2025-03-30T08:21:52Z;3,877;10,08;162;0,003
2025-03-30T08:21:53Z;3,88;10,08;164;0,003
2025-03-30T08:21:54Z;3,882;10,08;165;0,002
2025-03-30T08:21:55Z;3,885;10,08;162;0,003
2025-03-30T08:21:56Z;3,888;10,08;161;0,003
2025-03-30T08:21:57Z;3,89;9,72;162;0,002
2025-03-30T08:21:58Z;3,893;9,36;161;0,003
2025-03-30T08:21:59Z;3,895;9;161;0,002
2025-03-30T08:22:00Z;3,898;9;163;0,003
2025-03-30T08:22:01Z;3,9;8,64;163;0,002
2025-03-30T08:22:02Z;3,903;9;162;0,003
2025-03-30T08:22:03Z;3,906;9,36;161;0,003
2025-03-30T08:22:04Z;3,909;10,08;162;0,003
2025-03-30T08:22:05Z;3,912;10,44;161;0,003
2025-03-30T08:22:06Z;3,917;12,24;160;0,005
2025-03-30T08:22:07Z;3,922;13,68;164;0,005
2025-03-30T08:22:08Z;3,925;13,32;166;0,003
2025-03-30T08:22:09Z;3,927;12,96;166;0,002
2025-03-30T08:22:10Z;3,93;12,96;163;0,003
2025-03-30T08:22:11Z;3,932;11,16;163;0,002
2025-03-30T08:22:12Z;3,935;9,36;163;0,003
2025-03-30T08:22:13Z;3,938;9,36;162;0,003
2025-03-30T08:22:14Z;3,941;9,72;161;0,003
2025-03-30T08:22:15Z;3,943;9,72;160;0,002
2025-03-30T08:22:16Z;3,946;10,08;162;0,003
2025-03-30T08:22:17Z;3,949;10,08;164;0,003
2025-03-30T08:22:18Z;3,953;10,8;165;0,004
2025-03-30T08:22:19Z;3,957;11,88;165;0,004
2025-03-30T08:22:20Z;3,961;12,6;169;0,004
2025-03-30T08:22:21Z;3,963;12,6;169;0,002
2025-03-30T08:22:22Z;3,966;12,24;169;0,003
2025-03-30T08:22:23Z;3,969;11,16;170;0,003
2025-03-30T08:22:24Z;3,971;10,08;170;0,002
2025-03-30T08:22:25Z;3,973;8,64;169;0,002
2025-03-30T08:22:26Z;3,975;8,64;166;0,002
2025-03-30T08:22:27Z;3,978;8,28;166;0,003
2025-03-30T08:22:28Z;3,98;8,28;167;0,002
2025-03-30T08:22:29Z;3,982;7,92;165;0,002
2025-03-30T08:22:30Z;3,986;9;162;0,004
2025-03-30T08:22:31Z;3,989;10,08;162;0,003
2025-03-30T08:22:32Z;3,993;11,16;160;0,004
2025-03-30T08:22:33Z;3,995;11,16;159;0,002
2025-03-30T08:22:34Z;3,997;11,16;160;0,002
2025-03-30T08:22:35Z;4;10,08;161;0,003
2025-03-30T08:22:36Z;4,002;9;161;0,002
2025-03-30T08:22:37Z;4,004;7,92;161;0,002
2025-03-30T08:22:38Z;4,008;9,36;160;0,004
2025-03-30T08:22:39Z;4,012;10,44;159;0,004
2025-03-30T08:22:40Z;4,016;11,88;161;0,004
2025-03-30T08:22:41Z;4,018;11,88;162;0,002
2025-03-30T08:22:42Z;4,02;11,88;163;0,002
2025-03-30T08:22:43Z;4,023;10,44;164;0,003
2025-03-30T08:22:44Z;4,025;9,36;163;0,002
2025-03-30T08:22:45Z;4,027;7,92;162;0,002
2025-03-30T08:22:46Z;4,03;8,28;163;0,003
2025-03-30T08:22:47Z;4,032;8,64;162;0,002
2025-03-30T08:22:48Z;4,035;8,64;163;0,003
2025-03-30T08:22:49Z;4,037;9;165;0,002
2025-03-30T08:22:50Z;4,04;9,36;163;0,003
2025-03-30T08:22:51Z;4,042;9,36;163;0,002
2025-03-30T08:22:52Z;4,045;9;162;0,003
2025-03-30T08:22:53Z;4,047;9;162;0,002
2025-03-30T08:22:54Z;4,05;8,64;162;0,003
2025-03-30T08:22:55Z;4,052;8,64;162;0,002
2025-03-30T08:22:56Z;4,055;9;163;0,003
2025-03-30T08:22:57Z;4,058;9;161;0,003
2025-03-30T08:22:58Z;4,06;9,36;161;0,002
2025-03-30T08:22:59Z;4,063;9,72;162;0,003
2025-03-30T08:23:00Z;4,066;10,08;162;0,003
2025-03-30T08:23:01Z;4,069;10,08;162;0,003
2025-03-30T08:23:02Z;4,072;10,44;162;0,003
2025-03-30T08:23:03Z;4,075;10,8;161;0,003
2025-03-30T08:23:04Z;4,079;11,52;160;0,004
2025-03-30T08:23:05Z;4,083;12,24;162;0,004
2025-03-30T08:23:06Z;4,087;12,96;163;0,004
2025-03-30T08:23:07Z;4,09;12,96;164;0,003
2025-03-30T08:23:08Z;4,093;12,6;167;0,003
2025-03-30T08:23:09Z;4,095;11,52;165;0,002
2025-03-30T08:23:10Z;4,098;10,8;164;0,003
2025-03-30T08:23:11Z;4,102;11,16;164;0,004
2025-03-30T08:23:12Z;4,107;12,24;164;0,005
2025-03-30T08:23:13Z;4,111;13,32;166;0,004
2025-03-30T08:23:14Z;4,113;12,96;165;0,002
2025-03-30T08:23:15Z;4,116;12,96;165;0,003
2025-03-30T08:23:16Z;4,118;11,52;164;0,002
2025-03-30T08:23:17Z;4,121;10,08;163;0,003
2025-03-30T08:23:18Z;4,123;8,64;165;0,002
2025-03-30T08:23:19Z;4,126;9;166;0,003
2025-03-30T08:23:20Z;4,128;9;167;0,002
2025-03-30T08:23:21Z;4,131;9,36;166;0,003
2025-03-30T08:23:22Z;4,134;9,72;166;0,003
2025-03-30T08:23:23Z;4,137;10,08;165;0,003
2025-03-30T08:23:24Z;4,139;10,08;166;0,002
2025-03-30T08:23:25Z;4,142;10,08;167;0,003
2025-03-30T08:23:26Z;4,145;10,08;168;0,003
2025-03-30T08:23:27Z;4,147;9,72;166;0,002
2025-03-30T08:23:28Z;4,15;9,36;167;0,003
2025-03-30T08:23:29Z;4,152;9;168;0,002
2025-03-30T08:23:30Z;4,155;9;170;0,003
2025-03-30T08:23:31Z;4,157;8,64;171;0,002
2025-03-30T08:23:32Z;4,16;9;173;0,003
2025-03-30T08:23:33Z;4,162;9;174;0,002
2025-03-30T08:23:34Z;4,165;9,36;174;0,003
2025-03-30T08:23:35Z;4,168;9,72;175;0,003
2025-03-30T08:23:36Z;4,171;10,08;174;0,003
2025-03-30T08:23:37Z;4,174;10,08;176;0,003
2025-03-30T08:23:38Z;4,177;10,44;176;0,003
2025-03-30T08:23:39Z;4,18;10,8;176;0,003
2025-03-30T08:23:40Z;4,183;10,8;177;0,003
2025-03-30T08:23:41Z;4,186;11,16;177;0,003
2025-03-30T08:23:42Z;4,19;11,52;177;0,004
2025-03-30T08:23:43Z;4,193;11,52;178;0,003
2025-03-30T08:23:44Z;4,196;11,88;178;0,003
2025-03-30T08:23:45Z;4,2;11,88;177;0,004
2025-03-30T08:23:46Z;4,203;11,88;177;0,003
2025-03-30T08:23:47Z;4,207;12,24;178;0,004
2025-03-30T08:23:48Z;4,21;12,6;178;0,003
2025-03-30T08:23:49Z;4,214;12,6;178;0,004
2025-03-30T08:23:50Z;4,217;12,6;179;0,003
2025-03-30T08:23:51Z;4,221;12,6;178;0,004
2025-03-30T08:23:52Z;4,224;12,6;178;0,003
2025-03-30T08:23:53Z;4,228;12,6;179;0,004
2025-03-30T08:23:54Z;4,231;12,6;179;0,003
2025-03-30T08:23:55Z;4,235;12,96;179;0,004
2025-03-30T08:23:56Z;4,239;13,32;177;0,004
2025-03-30T08:23:57Z;4,242;12,96;177;0,003
2025-03-30T08:23:58Z;4,245;12,24;175;0,003
2025-03-30T08:23:59Z;4,248;11,88;176;0,003
2025-03-30T08:24:00Z;4,251;11,52;174;0,003
2025-03-30T08:24:01Z;4,253;10,44;175;0,002
2025-03-30T08:24:02Z;4,256;10,08;176;0,003
2025-03-30T08:24:03Z;4,258;9,36;177;0,002
2025-03-30T08:24:04Z;4,261;9;178;0,003
2025-03-30T08:24:05Z;4,263;8,64;178;0,002
2025-03-30T08:24:06Z;4,266;9;177;0,003
2025-03-30T08:24:07Z;4,269;9,36;176;0,003
2025-03-30T08:24:08Z;4,272;10,08;176;0,003
2025-03-30T08:24:09Z;4,275;10,44;175;0,003
2025-03-30T08:24:10Z;4,278;10,8;174;0,003
2025-03-30T08:24:11Z;4,281;10,8;175;0,003
2025-03-30T08:24:12Z;4,284;10,8;176;0,003
2025-03-30T08:24:13Z;4,287;10,8;176;0,003
2025-03-30T08:24:14Z;4,291;11,16;177;0,004
2025-03-30T08:24:15Z;4,294;11,88;179;0,003
2025-03-30T08:24:16Z;4,298;12,24;181;0,004
2025-03-30T08:24:17Z;4,301;11,88;181;0,003
2025-03-30T08:24:18Z;4,303;11,52;181;0,002
2025-03-30T08:24:19Z;4,306;10,8;180;0,003
2025-03-30T08:24:20Z;4,308;9,72;179;0,002
2025-03-30T08:24:21Z;4,314;11,16;179;0,006
2025-03-30T08:24:22Z;4,319;13,32;179;0,005
2025-03-30T08:24:23Z;4,321;13,32;181;0,002
2025-03-30T08:24:24Z;4,324;13,32;182;0,003
2025-03-30T08:24:25Z;4,326;12,96;181;0,002
2025-03-30T08:24:26Z;4,329;10,8;181;0,003
2025-03-30T08:24:27Z;4,331;8,64;182;0,002
2025-03-30T08:24:28Z;4,333;8,64;181;0,002
2025-03-30T08:24:29Z;4,336;8,64;183;0,003
2025-03-30T08:24:30Z;4,338;9;182;0,002
2025-03-30T08:24:31Z;4,341;9;181;0,003
2025-03-30T08:24:32Z;4,345;9,72;180;0,004
2025-03-30T08:24:33Z;4,348;10,8;180;0,003
2025-03-30T08:24:34Z;4,352;11,52;180;0,004
2025-03-30T08:24:35Z;4,354;11,16;180;0,002
2025-03-30T08:24:36Z;4,356;11,16;180;0,002
2025-03-30T08:24:37Z;4,359;10,08;179;0,003
2025-03-30T08:24:38Z;4,361;9;179;0,002
2025-03-30T08:24:39Z;4,363;7,92;177;0,002
2025-03-30T08:24:40Z;4,366;8,28;177;0,003
2025-03-30T08:24:41Z;4,369;8,64;175;0,003
2025-03-30T08:24:42Z;4,371;9;174;0,002
2025-03-30T08:24:43Z;4,374;9,36;175;0,003
2025-03-30T08:24:44Z;4,378;10,8;174;0,004
2025-03-30T08:24:45Z;4,382;11,52;174;0,004
2025-03-30T08:24:46Z;4,386;12,6;173;0,004
2025-03-30T08:24:47Z;4,388;12,24;173;0,002
2025-03-30T08:24:48Z;4,39;11,88;172;0,002
2025-03-30T08:24:49Z;4,393;10,44;175;0,003
2025-03-30T08:24:50Z;4,395;9,36;175;0,002
2025-03-30T08:24:51Z;4,397;7,92;176;0,002
2025-03-30T08:24:52Z;4,401;9,36;179;0,004
2025-03-30T08:24:53Z;4,405;10,44;179;0,004
2025-03-30T08:24:54Z;4,409;11,88;179;0,004
2025-03-30T08:24:55Z;4,412;12,6;180;0,003
2025-03-30T08:24:56Z;4,416;13,32;181;0,004
2025-03-30T08:24:57Z;4,419;12,96;183;0,003
2025-03-30T08:24:58Z;4,423;12,96;182;0,004
2025-03-30T08:24:59Z;4,427;12,96;181;0,004
2025-03-30T08:25:00Z;4,431;13,32;181;0,004
2025-03-30T08:25:01Z;4,436;14,4;181;0,005
2025-03-30T08:25:02Z;4,44;15,48;181;0,004
2025-03-30T08:25:03Z;4,445;15,84;180;0,005
2025-03-30T08:25:04Z;4,449;15,84;179;0,004
2025-03-30T08:25:05Z;4,453;15,84;178;0,004
2025-03-30T08:25:06Z;4,457;15,48;179;0,004
2025-03-30T08:25:07Z;4,46;13,68;178;0,003
2025-03-30T08:25:08Z;4,462;12,24;178;0,002
2025-03-30T08:25:09Z;4,465;11,16;177;0,003
2025-03-30T08:25:10Z;4,467;10,08;175;0,002
2025-03-30T08:25:11Z;4,469;8,64;174;0,002
2025-03-30T08:25:12Z;4,471;7,92;175;0,002
2025-03-30T08:25:13Z;4,473;7,56;173;0,002
2025-03-30T08:25:14Z;4,474;7,2;173;0,001
2025-03-30T08:25:15Z;4,476;6,48;174;0,002
2025-03-30T08:25:16Z;4,478;6,48;174;0,002
2025-03-30T08:25:17Z;4,481;7,56;173;0,003
2025-03-30T08:25:18Z;4,484;8,28;173;0,003
2025-03-30T08:25:19Z;4,487;9;173;0,003
2025-03-30T08:25:20Z;4,49;10,08;171;0,003
2025-03-30T08:25:21Z;4,493;10,8;169;0,003
2025-03-30T08:25:22Z;4,496;10,8;170;0,003
2025-03-30T08:25:23Z;4,499;10,8;169;0,003
2025-03-30T08:25:24Z;4,502;10,8;169;0,003
2025-03-30T08:25:25Z;4,506;11,88;168;0,004
2025-03-30T08:25:26Z;4,511;12,6;167;0,005
2025-03-30T08:25:27Z;4,515;13,68;167;0,004
2025-03-30T08:25:28Z;4,519;14,4;167;0,004
2025-03-30T08:25:29Z;4,523;15,12;166;0,004
2025-03-30T08:25:30Z;4,527;14,76;166;0,004
2025-03-30T08:25:31Z;4,532;15,84;169;0,005
2025-03-30T08:25:32Z;4,538;16,56;169;0,006
2025-03-30T08:25:33Z;4,541;15,84;169;0,003
2025-03-30T08:25:34Z;4,544;14,76;168;0,003
2025-03-30T08:25:35Z;4,546;14,04;167;0,002
2025-03-30T08:25:36Z;4,549;11,88;165;0,003
2025-03-30T08:25:37Z;4,552;10,08;166;0,003
2025-03-30T08:25:38Z;4,556;10,8;167;0,004
2025-03-30T08:25:39Z;4,559;11,16;167;0,003
2025-03-30T08:25:40Z;4,563;11,88;167;0,004
2025-03-30T08:25:41Z;4,566;11,88;163;0,003
2025-03-30T08:25:42Z;4,569;11,88;161;0,003
2025-03-30T08:25:43Z;4,571;11,16;160;0,002
2025-03-30T08:25:44Z;4,574;10,44;161;0,003
2025-03-30T08:25:45Z;4,577;10,08;161;0,003
2025-03-30T08:25:46Z;4,58;10,08;161;0,003
2025-03-30T08:25:47Z;4,582;10,08;161;0,002
2025-03-30T08:25:48Z;4,585;10,08;161;0,003
2025-03-30T08:25:49Z;4,589;10,44;160;0,004
2025-03-30T08:25:50Z;4,592;11,16;160;0,003
2025-03-30T08:25:51Z;4,596;11,88;160;0,004
2025-03-30T08:25:52Z;4,599;11,88;160;0,003
2025-03-30T08:25:53Z;4,601;11,88;160;0,002
2025-03-30T08:25:54Z;4,604;11,16;161;0,003
2025-03-30T08:25:55Z;4,607;10,44;159;0,003
2025-03-30T08:25:56Z;4,611;10,44;161;0,004
2025-03-30T08:25:57Z;4,614;11,16;163;0,003
2025-03-30T08:25:58Z;4,618;11,88;165;0,004
2025-03-30T08:25:59Z;4,623;13,68;166;0,005
2025-03-30T08:26:00Z;4,629;15,84;166;0,006
2025-03-30T08:26:01Z;4,632;15,48;167;0,003
2025-03-30T08:26:02Z;4,636;15,12;165;0,004
2025-03-30T08:26:03Z;4,639;15,12;166;0,003
2025-03-30T08:26:04Z;4,642;13,32;169;0,003
2025-03-30T08:26:05Z;4,646;11,88;168;0,004
2025-03-30T08:26:06Z;4,649;12,24;168;0,003
2025-03-30T08:26:07Z;4,653;12,6;165;0,004
2025-03-30T08:26:08Z;4,656;12,24;166;0,003
2025-03-30T08:26:09Z;4,659;11,88;167;0,003
2025-03-30T08:26:10Z;4,661;11,16;170;0,002
2025-03-30T08:26:11Z;4,664;10,44;169;0,003
2025-03-30T08:26:12Z;4,67;12,24;171;0,006
2025-03-30T08:26:13Z;4,676;14,4;171;0,006
2025-03-30T08:26:14Z;4,679;15,12;171;0,003
2025-03-30T08:26:15Z;4,683;15,12;176;0,004
2025-03-30T08:26:16Z;4,686;15,84;177;0,003
2025-03-30T08:26:17Z;4,689;13,68;176;0,003
2025-03-30T08:26:18Z;4,692;11,52;177;0,003
2025-03-30T08:26:19Z;4,694;10,8;177;0,002
2025-03-30T08:26:20Z;4,697;10,8;175;0,003
2025-03-30T08:26:21Z;4,7;10,08;177;0,003
2025-03-30T08:26:22Z;4,704;10,44;177;0,004
2025-03-30T08:26:23Z;4,707;11,16;175;0,003
2025-03-30T08:26:24Z;4,711;11,88;175;0,004
2025-03-30T08:26:25Z;4,714;12,24;176;0,003
2025-03-30T08:26:26Z;4,718;12,6;177;0,004
2025-03-30T08:26:27Z;4,721;12,24;174;0,003
2025-03-30T08:26:28Z;4,724;11,88;174;0,003
2025-03-30T08:26:29Z;4,727;11,52;173;0,003
2025-03-30T08:26:30Z;4,73;11,52;173;0,003
2025-03-30T08:26:31Z;4,733;11,16;173;0,003
2025-03-30T08:26:32Z;4,736;10,8;174;0,003
2025-03-30T08:26:33Z;4,739;10,8;174;0,003
2025-03-30T08:26:34Z;4,742;10,8;173;0,003
2025-03-30T08:26:35Z;4,745;10,8;174;0,003
2025-03-30T08:26:36Z;4,748;10,8;174;0,003
2025-03-30T08:26:37Z;4,75;10,44;174;0,002
2025-03-30T08:26:38Z;4,753;10,08;175;0,003
2025-03-30T08:26:39Z;4,755;9,72;176;0,002
2025-03-30T08:26:40Z;4,758;9,36;178;0,003
2025-03-30T08:26:41Z;4,76;8,64;178;0,002
2025-03-30T08:26:42Z;4,762;8,64;177;0,002
2025-03-30T08:26:43Z;4,765;8,28;176;0,003
2025-03-30T08:26:44Z;4,767;8,28;177;0,002
2025-03-30T08:26:45Z;4,769;7,92;176;0,002
2025-03-30T08:26:46Z;4,772;8,64;177;0,003
2025-03-30T08:26:47Z;4,775;9;175;0,003
2025-03-30T08:26:48Z;4,778;9,72;175;0,003
2025-03-30T08:26:49Z;4,781;10,08;174;0,003
2025-03-30T08:26:50Z;4,784;10,44;175;0,003
2025-03-30T08:26:51Z;4,786;10,08;175;0,002
2025-03-30T08:26:52Z;4,788;9,72;174;0,002
2025-03-30T08:26:53Z;4,791;9,36;175;0,003
2025-03-30T08:26:54Z;4,794;9,36;176;0,003
2025-03-30T08:26:55Z;4,796;9,36;174;0,002
2025-03-30T08:26:56Z;4,799;9,36;175;0,003
2025-03-30T08:26:57Z;4,802;9,72;175;0,003
2025-03-30T08:26:58Z;4,805;10,08;174;0,003
2025-03-30T08:26:59Z;4,808;10,08;174;0,003
2025-03-30T08:27:00Z;4,811;10,44;173;0,003
2025-03-30T08:27:01Z;4,814;10,8;175;0,003
2025-03-30T08:27:02Z;4,817;10,44;175;0,003
2025-03-30T08:27:03Z;4,819;10,08;175;0,002
2025-03-30T08:27:04Z;4,822;10,08;174;0,003
2025-03-30T08:27:05Z;4,824;9,72;174;0,002
2025-03-30T08:27:06Z;4,827;9,36;171;0,003
2025-03-30T08:27:07Z;4,831;10,44;171;0,004
2025-03-30T08:27:08Z;4,835;11,52;171;0,004
2025-03-30T08:27:09Z;4,839;12,24;170;0,004
2025-03-30T08:27:10Z;4,843;13,32;171;0,004
2025-03-30T08:27:11Z;4,847;14,4;173;0,004
2025-03-30T08:27:12Z;4,851;14,4;174;0,004
2025-03-30T08:27:13Z;4,854;13,68;174;0,003
2025-03-30T08:27:14Z;4,857;12,96;172;0,003
2025-03-30T08:27:15Z;4,86;12,24;174;0,003
2025-03-30T08:27:16Z;4,863;11,52;175;0,003
2025-03-30T08:27:17Z;4,866;10,8;173;0,003
2025-03-30T08:27:18Z;4,869;10,44;173;0,003
2025-03-30T08:27:19Z;4,871;10,44;174;0,002
2025-03-30T08:27:20Z;4,874;10,08;175;0,003
2025-03-30T08:27:21Z;4,877;10,08;174;0,003
2025-03-30T08:27:22Z;4,881;10,8;172;0,004
2025-03-30T08:27:23Z;4,884;11,16;172;0,003
2025-03-30T08:27:24Z;4,888;11,88;172;0,004
2025-03-30T08:27:25Z;4,894;14,04;171;0,006
2025-03-30T08:27:26Z;4,899;15,84;170;0,005
2025-03-30T08:27:27Z;4,902;15,12;168;0,003
2025-03-30T08:27:28Z;4,904;14,4;166;0,002
2025-03-30T08:27:29Z;4,907;13,68;166;0,003
2025-03-30T08:27:30Z;4,909;11,52;165;0,002
2025-03-30T08:27:31Z;4,912;9,36;164;0,003
2025-03-30T08:27:32Z;4,915;10,08;164;0,003
2025-03-30T08:27:33Z;4,919;10,8;163;0,004
2025-03-30T08:27:34Z;4,923;11,16;163;0,004
2025-03-30T08:27:35Z;4,926;11,88;164;0,003
2025-03-30T08:27:36Z;4,929;12,24;163;0,003
2025-03-30T08:27:37Z;4,933;12,24;165;0,004
2025-03-30T08:27:38Z;4,936;12,24;165;0,003
2025-03-30T08:27:39Z;4,939;11,88;164;0,003
2025-03-30T08:27:40Z;4,942;11,88;162;0,003
2025-03-30T08:27:41Z;4,946;11,88;164;0,004
2025-03-30T08:27:42Z;4,949;11,88;166;0,003
2025-03-30T08:27:43Z;4,952;11,88;167;0,003
2025-03-30T08:27:44Z;4,956;11,88;166;0,004
2025-03-30T08:27:45Z;4,959;11,88;168;0,003
2025-03-30T08:27:46Z;4,963;12,6;166;0,004
2025-03-30T08:27:47Z;4,967;12,96;166;0,004
2025-03-30T08:27:48Z;4,971;13,32;164;0,004
2025-03-30T08:27:49Z;4,974;13,32;162;0,003
2025-03-30T08:27:50Z;4,978;13,32;161;0,004
2025-03-30T08:27:51Z;4,981;12,96;163;0,003
2025-03-30T08:27:52Z;4,984;12,24;160;0,003
2025-03-30T08:27:53Z;4,987;11,88;160;0,003
2025-03-30T08:27:54Z;4,991;11,88;160;0,004
2025-03-30T08:27:55Z;4,994;11,88;159;0,003
2025-03-30T08:27:56Z;5;13,32;158;0,006
2025-03-30T08:27:57Z;5,005;15,12;158;0,005
2025-03-30T08:27:58Z;5,008;14,76;159;0,003
2025-03-30T08:27:59Z;5,011;14,4;162;0,003
2025-03-30T08:28:00Z;5,014;14,4;163;0,003
2025-03-30T08:28:01Z;5,017;12,6;163;0,003
2025-03-30T08:28:02Z;5,021;11,88;164;0,004
2025-03-30T08:28:03Z;5,026;12,6;165;0,005
2025-03-30T08:28:04Z;5,03;13,68;166;0,004
2025-03-30T08:28:05Z;5,035;14,76;165;0,005
2025-03-30T08:28:06Z;5,039;16,2;168;0,004
2025-03-30T08:28:07Z;5,044;16,2;170;0,005
2025-03-30T08:28:08Z;5,051;18,36;169;0,007
2025-03-30T08:28:09Z;5,058;20,16;167;0,007
2025-03-30T08:28:10Z;5,063;20,16;167;0,005
2025-03-30T08:28:11Z;5,067;20,16;166;0,004
2025-03-30T08:28:12Z;5,072;20,16;163;0,005
2025-03-30T08:28:13Z;5,076;18;162;0,004
2025-03-30T08:28:14Z;5,08;15,84;163;0,004
2025-03-30T08:28:15Z;5,084;15,48;163;0,004
2025-03-30T08:28:16Z;5,087;14,04;163;0,003
2025-03-30T08:28:17Z;5,087;10,8;164;0
